active_compute_proxy,checkpoint_path,config_path,eval/action_entropy,eval/action_greedy_match,eval/action_logit_margin,eval/action_max_prob,eval/failure_action_logit_margin,eval/failure_action_max_prob,eval/length_median,eval/long_action_max_prob,eval/short_action_max_prob,eval/success_action_logit_margin,eval/success_action_max_prob,eval_episode_length,eval_return,eval_success_rate,expert_load_0,expert_load_1,expert_load_2,expert_load_3,greedy,label,lane,method,mode,path_coverage_top_10,path_coverage_top_20,path_coverage_top_50,path_entropy,repr/direction_norm,repr/pooled_norm,repr/token_feature_std,repr/token_norm,repr/token_pairwise_cosine,route_entropy,run_dir,seed,stage,temperature,variant
0.5,outputs/experiments/lss_claim_hardening/additional_seeds/seed_23/sare_ent1e3/latest.pt,outputs/experiments/lss_claim_hardening/additional_seeds/seed_23/sare_ent1e3/resolved_config.yaml,1.7066140696406364,1.0,0.7606439171358943,0.3937118477188051,0.7606439171358943,0.3937118477188051,250.0,,0.3937118477188051,,,250.0,0.0,0.0,0.24587435834109783,0.24526265263557434,0.263237863779068,0.24562508799135685,True,baseline_sare,fresh,baseline,greedy,0.9999999925494194,0.9999999925494194,0.9999999925494194,0.28087360225617886,11.33165156841278,9.298333287239075,0.5416595861315727,11.391061425209045,0.6781321689486504,1.3856862932443619,outputs/experiments/lss_claim_hardening/additional_seeds/seed_23/sare_ent1e3,23,fresh,1.0,sare
0.5,outputs/experiments/lss_claim_hardening/additional_seeds/seed_23/sare_ent1e3/latest.pt,outputs/experiments/lss_claim_hardening/additional_seeds/seed_23/sare_ent1e3/resolved_config.yaml,1.7028641698360443,0.39699999999999996,0.7746307301931084,0.3967367326244712,0.7746307301931084,0.3967367326244712,250.0,,0.3967367326244712,,,250.0,0.0,0.0,0.24585520789027215,0.245301011800766,0.2632132634073496,0.24563049402087928,False,baseline_sare,fresh,baseline,sampled_t1.0,0.9999999905824661,0.9999999905824661,0.9999999905824661,0.29907427021861077,11.33080481004715,9.271862009525298,0.5442744323313237,11.390776368618011,0.6748142256736755,1.385687907397747,outputs/experiments/lss_claim_hardening/additional_seeds/seed_23/sare_ent1e3,23,fresh,1.0,sare
0.5,outputs/experiments/lss_claim_hardening/additional_seeds/seed_23/kl_lss_sare/latest.pt,outputs/experiments/lss_claim_hardening/additional_seeds/seed_23/kl_lss_sare/student_resolved_config.yaml,0.12201974231048524,1.0,5.320887420215124,0.9716761354508787,,,10.0,0.9634831908322397,0.9754002011866238,5.320887420215124,0.9716761354508787,9.984375,0.9640562366694212,1.0,0.24376080681880316,0.24888252271782785,0.22524543266211236,0.2821112179330417,True,kl_lss_sare,fresh,kl_lss_sare,greedy,0.9999999716168358,0.9999999716168358,0.9999999716168358,0.8016277487788882,11.456283501216344,0.9701390159981591,0.9692877772308531,11.301872650782267,-0.012656142768849219,1.3803662714504061,outputs/experiments/lss_claim_hardening/additional_seeds/seed_23/kl_lss_sare,23,fresh,1.0,sare
0.5,outputs/experiments/lss_claim_hardening/additional_seeds/seed_23/kl_lss_sare/latest.pt,outputs/experiments/lss_claim_hardening/additional_seeds/seed_23/kl_lss_sare/student_resolved_config.yaml,0.12907166666079642,0.9722163253413254,5.248523614440979,0.9697582257968627,,,10.0,0.9628278561238642,0.9742007704590413,5.248523614440979,0.9697582257968627,10.40625,0.9625374861061573,1.0,0.24380253066961793,0.24890738640023374,0.2252264315712041,0.2820636325183956,False,kl_lss_sare,fresh,kl_lss_sare,sampled_t1.0,0.9999999712253439,0.9999999712253439,0.9999999712253439,0.8027229452955311,11.456700544247681,0.9716828691548315,0.9692389519735315,11.301754787050445,-0.012657639120930228,1.3803719843941173,outputs/experiments/lss_claim_hardening/additional_seeds/seed_23/kl_lss_sare,23,fresh,1.0,sare
1.0,outputs/experiments/lss_multi_expert_hardening/fresh_single_expert_controls/seed_23/kl_lss_single_expert/latest.pt,outputs/experiments/lss_multi_expert_hardening/fresh_single_expert_controls/seed_23/kl_lss_single_expert/student_resolved_config.yaml,0.34196807070532725,1.0,3.936091887354851,0.8998190053344837,3.2327930716464395,0.8653276585779692,250.0,,0.8998190053344837,4.963990156467144,0.9502294352093895,151.90625,0.3937624953687191,0.40625,1.0,,,,True,kl_lss_single_expert,fresh,kl_lss_single_expert,greedy,1.0,1.0,1.0,0.0,11.543296651795576,0.8496740905803377,0.9993502866366352,11.445422595079156,-0.01603879503667494,0.0,outputs/experiments/lss_multi_expert_hardening/fresh_single_expert_controls/seed_23/kl_lss_single_expert,23,fresh,1.0,single_expert
1.0,outputs/experiments/lss_multi_expert_hardening/fresh_single_expert_controls/seed_23/kl_lss_single_expert/latest.pt,outputs/experiments/lss_multi_expert_hardening/fresh_single_expert_controls/seed_23/kl_lss_single_expert/student_resolved_config.yaml,0.24142725645198682,0.938878340611987,4.357485898836564,0.9313530631264779,4.351250201119317,0.9436305945979225,137.0,0.9395556754975886,0.9231504507553674,4.362036272846445,0.9223937834040725,132.25,0.4817124963738024,0.578125,1.0,,,,False,kl_lss_single_expert,fresh,kl_lss_single_expert,sampled_t1.0,1.0,1.0,1.0,0.0,11.51569638956723,1.1970241898965062,0.9960128174288266,11.454723444481775,-0.009472128336280456,0.0,outputs/experiments/lss_multi_expert_hardening/fresh_single_expert_controls/seed_23/kl_lss_single_expert,23,fresh,1.0,single_expert
1.0,outputs/experiments/lss_claim_consolidation/fresh_matched_controls/seed_23/kl_lss_token_dense/latest.pt,outputs/experiments/lss_claim_consolidation/fresh_matched_controls/seed_23/kl_lss_token_dense/student_resolved_config.yaml,0.3869673580299714,1.0,3.8238177606463433,0.9028301247470081,3.8238177606463433,0.9028301247470081,250.0,,0.9028301247470081,,,250.0,0.0,0.0,,,,,True,kl_lss_token_dense,fresh,kl_lss_token_dense,greedy,,,,,11.369240995883942,6.449490355014801,0.7786613416969776,11.383759296894073,0.3460867106989026,0.0,outputs/experiments/lss_claim_consolidation/fresh_matched_controls/seed_23/kl_lss_token_dense,23,fresh,1.0,token_dense
1.0,outputs/experiments/lss_claim_consolidation/fresh_matched_controls/seed_23/kl_lss_token_dense/latest.pt,outputs/experiments/lss_claim_consolidation/fresh_matched_controls/seed_23/kl_lss_token_dense/student_resolved_config.yaml,0.3510661445383888,0.9116813537143358,3.3902192223789274,0.9114923909108854,3.2481487301671224,0.9162051698607068,250.0,,0.9114923909108854,3.6811254683364316,0.9018424149660133,200.828125,0.20983125176280737,0.328125,,,,,False,kl_lss_token_dense,fresh,kl_lss_token_dense,sampled_t1.0,,,,,11.378076834427683,7.671457528231437,0.6907601358946304,11.374958965792294,0.4779330394247122,0.0,outputs/experiments/lss_claim_consolidation/fresh_matched_controls/seed_23/kl_lss_token_dense,23,fresh,1.0,token_dense
1.0,outputs/experiments/lss_claim_hardening/additional_seeds/seed_23/token_dense_ent1e3/latest.pt,outputs/experiments/lss_claim_hardening/additional_seeds/seed_23/token_dense_ent1e3/resolved_config.yaml,1.4542783631682397,1.0,1.0605553944334387,0.5232222138140351,1.0605553944334387,0.5232222138140351,250.0,,0.5232222138140351,,,250.0,0.0,0.0,,,,,True,recovered_token_dense,fresh,baseline,greedy,,,,,11.322639866828919,10.793697350025177,0.22692618035525083,11.34715380859375,0.943649589151144,0.0,outputs/experiments/lss_claim_hardening/additional_seeds/seed_23/token_dense_ent1e3,23,fresh,1.0,token_dense
1.0,outputs/experiments/lss_claim_hardening/additional_seeds/seed_23/token_dense_ent1e3/latest.pt,outputs/experiments/lss_claim_hardening/additional_seeds/seed_23/token_dense_ent1e3/resolved_config.yaml,1.2409240193963051,0.6003750000000001,1.4474439918547868,0.6060922764297576,1.4474439918547868,0.6060922764297576,250.0,,0.6060922764297576,,,250.0,0.0,0.0,,,,,False,recovered_token_dense,fresh,baseline,sampled_t1.0,,,,,11.330796696662903,10.8270512509346,0.23724166640639305,11.35423759508133,0.9369273188412189,0.0,outputs/experiments/lss_claim_hardening/additional_seeds/seed_23/token_dense_ent1e3,23,fresh,1.0,token_dense
0.5,outputs/experiments/lss_claim_hardening/additional_seeds/seed_29/sare_ent1e3/latest.pt,outputs/experiments/lss_claim_hardening/additional_seeds/seed_29/sare_ent1e3/resolved_config.yaml,1.2273850434049964,1.0,0.5402715673670172,0.48497066188044846,0.5402715673670172,0.48497066188044846,250.0,,0.48497066188044846,,,250.0,0.0,0.0,0.24717620841413737,0.24631508538126945,0.25383934274315834,0.252669357791543,True,baseline_sare,fresh,baseline,greedy,0.9999999851286411,0.9999999851286411,0.9999999851286411,1.3110624259114265,11.614155915260316,1.5269912911653518,0.9710371480584145,11.430612213134765,-0.00043547491217759673,1.385384712934494,outputs/experiments/lss_claim_hardening/additional_seeds/seed_29/sare_ent1e3,29,fresh,1.0,sare
0.5,outputs/experiments/lss_claim_hardening/additional_seeds/seed_29/sare_ent1e3/latest.pt,outputs/experiments/lss_claim_hardening/additional_seeds/seed_29/sare_ent1e3/resolved_config.yaml,0.9443810074642522,0.666440971926612,1.4501014726749257,0.6482721956671124,2.7945475440025334,0.8676743907928467,30.0,0.6614722200734483,0.6358721727399481,1.3839811740850434,0.6374819237756829,47.859375,0.8230187487788498,0.953125,0.24655610855136598,0.24516327116071904,0.2541299960854965,0.2541505960824852,False,baseline_sare,fresh,baseline,sampled_t1.0,0.999999974729828,0.999999974729828,0.999999974729828,1.310911417556798,11.630295995193693,2.0395535980501482,0.9601157230715598,11.446948734845984,0.013569858554597249,1.3852199870869861,outputs/experiments/lss_claim_hardening/additional_seeds/seed_29/sare_ent1e3,29,fresh,1.0,sare
0.5,outputs/experiments/lss_claim_hardening/additional_seeds/seed_29/kl_lss_sare/latest.pt,outputs/experiments/lss_claim_hardening/additional_seeds/seed_29/kl_lss_sare/student_resolved_config.yaml,0.0525920560435896,1.0,6.262577737517697,0.9907309017055498,,,11.0,0.9891681441119856,0.9915494890164643,6.262577737517697,0.9907309017055498,10.75,0.9612999856472015,1.0,0.24140086904000702,0.24509716837593679,0.24243992734491154,0.2710620117991158,True,kl_lss_sare,fresh,kl_lss_sare,greedy,0.9999999845965525,0.9999999845965525,0.9999999845965525,1.1888078451156616,11.629900321531832,0.8468509075346957,0.9853374703546588,11.418369143196706,-0.013571931295138732,1.3778435326694103,outputs/experiments/lss_claim_hardening/additional_seeds/seed_29/kl_lss_sare,29,fresh,1.0,sare
0.5,outputs/experiments/lss_claim_hardening/additional_seeds/seed_29/kl_lss_sare/latest.pt,outputs/experiments/lss_claim_hardening/additional_seeds/seed_29/kl_lss_sare/student_resolved_config.yaml,0.054628999532672265,0.9971487713675213,6.230921744094456,0.9903525156035229,,,11.0,0.9880770548731929,0.9914637871229864,6.230921744094456,0.9903525156035229,11.28125,0.9593874858692288,1.0,0.24123273036813223,0.2449983505792515,0.24219370417056546,0.2715751938922431,False,kl_lss_sare,fresh,kl_lss_sare,sampled_t1.0,0.9999999846181562,0.9999999846181562,0.9999999846181562,1.189149018256895,11.624012403590704,0.8756370429069765,0.9849640746270457,11.418828636087397,-0.013044185190391477,1.3777014670833465,outputs/experiments/lss_claim_hardening/additional_seeds/seed_29/kl_lss_sare,29,fresh,1.0,sare
1.0,outputs/experiments/lss_multi_expert_hardening/fresh_single_expert_controls/seed_29/kl_lss_single_expert/latest.pt,outputs/experiments/lss_multi_expert_hardening/fresh_single_expert_controls/seed_29/kl_lss_single_expert/student_resolved_config.yaml,0.08919873409001,1.0,5.676841332984312,0.9836447642998176,,,11.0,0.984388144767204,0.9832553745311868,5.676841332984312,0.9836447642998176,10.75,0.9612999856472015,1.0,1.0,,,,True,kl_lss_single_expert,fresh,kl_lss_single_expert,greedy,1.0,1.0,1.0,0.0,11.435090343603926,0.7922619099027655,0.9929274213447999,11.39996008926563,-0.014834525450812966,0.0,outputs/experiments/lss_multi_expert_hardening/fresh_single_expert_controls/seed_29/kl_lss_single_expert,29,fresh,1.0,single_expert
1.0,outputs/experiments/lss_multi_expert_hardening/fresh_single_expert_controls/seed_29/kl_lss_single_expert/latest.pt,outputs/experiments/lss_multi_expert_hardening/fresh_single_expert_controls/seed_29/kl_lss_single_expert/student_resolved_config.yaml,0.09216616988588416,0.9910640357905983,5.650398256290382,0.9828550057009429,,,11.0,0.9818326630971154,0.9835103535239094,5.650398256290382,0.9828550057009429,11.1875,0.959724985063076,1.0,1.0,,,,False,kl_lss_single_expert,fresh,kl_lss_single_expert,sampled_t1.0,1.0,1.0,1.0,0.0,11.434765979807864,0.79793821419439,0.9928533832232157,11.399902764187065,-0.01473615184846905,0.0,outputs/experiments/lss_multi_expert_hardening/fresh_single_expert_controls/seed_29/kl_lss_single_expert,29,fresh,1.0,single_expert
1.0,outputs/experiments/lss_claim_consolidation/fresh_matched_controls/seed_29/kl_lss_token_dense/latest.pt,outputs/experiments/lss_claim_consolidation/fresh_matched_controls/seed_29/kl_lss_token_dense/student_resolved_config.yaml,0.10428911266364496,1.0,5.169203022758037,0.9774738677415882,4.077185135444005,0.9806097323596478,11.0,0.9793532633039687,0.9758155775394878,5.824413755146456,0.9755923489707523,99.84375,0.603062491863966,0.625,,,,,True,kl_lss_token_dense,fresh,kl_lss_token_dense,greedy,,,,,11.481978068809463,9.36977222913091,0.5204467664077823,11.363725170909563,0.7109718080134757,0.0,outputs/experiments/lss_claim_consolidation/fresh_matched_controls/seed_29/kl_lss_token_dense,29,fresh,1.0,token_dense
1.0,outputs/experiments/lss_claim_consolidation/fresh_matched_controls/seed_29/kl_lss_token_dense/latest.pt,outputs/experiments/lss_claim_consolidation/fresh_matched_controls/seed_29/kl_lss_token_dense/student_resolved_config.yaml,0.12310962055925966,0.9779091790562379,5.089925643635086,0.9701980174164638,4.017675819106724,0.9748685207988906,12.0,0.9648932465965565,0.9745933989529586,5.691431642760752,0.9675779789336393,96.625,0.6162124909460545,0.640625,,,,,False,kl_lss_token_dense,fresh,kl_lss_token_dense,sampled_t1.0,,,,,11.48005410684989,9.361052771027271,0.5204547670526574,11.364736452698708,0.7092643924630605,0.0,outputs/experiments/lss_claim_consolidation/fresh_matched_controls/seed_29/kl_lss_token_dense,29,fresh,1.0,token_dense
1.0,outputs/experiments/lss_claim_hardening/additional_seeds/seed_29/token_dense_ent1e3/latest.pt,outputs/experiments/lss_claim_hardening/additional_seeds/seed_29/token_dense_ent1e3/resolved_config.yaml,1.5690613394491375,1.0,0.5195666021183133,0.3727724331393838,0.5195666021183133,0.3727724331393838,250.0,,0.3727724331393838,,,250.0,0.0,0.0,,,,,True,recovered_token_dense,fresh,baseline,greedy,,,,,11.351515975475312,11.079386339187622,0.19590054032951593,11.369767733097076,0.9584497376084328,0.0,outputs/experiments/lss_claim_hardening/additional_seeds/seed_29/token_dense_ent1e3,29,fresh,1.0,token_dense
1.0,outputs/experiments/lss_claim_hardening/additional_seeds/seed_29/token_dense_ent1e3/latest.pt,outputs/experiments/lss_claim_hardening/additional_seeds/seed_29/token_dense_ent1e3/resolved_config.yaml,1.5357960911914708,0.346375,0.3575792647562921,0.35076349191181366,0.3575792647562921,0.35076349191181366,250.0,,0.35076349191181366,,,250.0,0.0,0.0,,,,,False,recovered_token_dense,fresh,baseline,sampled_t1.0,,,,,11.339360697746276,11.074887322425843,0.1878545469790697,11.359610502243042,0.9620134482979774,0.0,outputs/experiments/lss_claim_hardening/additional_seeds/seed_29/token_dense_ent1e3,29,fresh,1.0,token_dense
0.5,outputs/experiments/lss_claim_hardening/additional_seeds/seed_31/sare_ent1e3/latest.pt,outputs/experiments/lss_claim_hardening/additional_seeds/seed_31/sare_ent1e3/resolved_config.yaml,1.2607887341640889,1.0,0.7966405537724495,0.533895248387009,0.7966405537724495,0.533895248387009,250.0,,0.533895248387009,,,250.0,0.0,0.0,0.2446320981308818,0.2526995932906866,0.24936841102689505,0.2532998682111502,True,baseline_sare,fresh,baseline,greedy,0.9999999701678753,0.9999999701678753,0.9999999701678753,1.0143879957199096,11.392337875366211,7.2073185069561,0.7225073770284652,11.318674580574037,0.4192963135689497,1.3853823636174203,outputs/experiments/lss_claim_hardening/additional_seeds/seed_31/sare_ent1e3,31,fresh,1.0,sare
0.5,outputs/experiments/lss_claim_hardening/additional_seeds/seed_31/sare_ent1e3/latest.pt,outputs/experiments/lss_claim_hardening/additional_seeds/seed_31/sare_ent1e3/resolved_config.yaml,1.2515606987388432,0.5459132659454381,0.8915903071672463,0.5450807057680216,0.9096183588572911,0.5540805903400694,250.0,,0.5450807057680216,0.8698323137482267,0.5342187761121018,201.0625,0.2214874983765185,0.453125,0.24447938854604034,0.25449706167495895,0.24886840456149334,0.25215511631336057,False,baseline_sare,fresh,baseline,sampled_t1.0,0.9999999826523795,0.9999999826523795,0.9999999826523795,1.0226155464397368,11.393801446623424,6.750682363006469,0.7490546652014302,11.329096424593306,0.3681750225179094,1.3852463545262745,outputs/experiments/lss_claim_hardening/additional_seeds/seed_31/sare_ent1e3,31,fresh,1.0,sare
0.5,outputs/experiments/lss_claim_hardening/additional_seeds/seed_31/kl_lss_sare/latest.pt,outputs/experiments/lss_claim_hardening/additional_seeds/seed_31/kl_lss_sare/student_resolved_config.yaml,0.33172948469749386,1.0,4.1468546901499455,0.9045691849282859,,,9.0,0.9051141423260495,0.9042198532630528,4.1468546901499455,0.9045691849282859,9.640625,0.965293737128377,1.0,0.25239274089719044,0.24903068093605985,0.25379345740801024,0.24478309298003162,True,kl_lss_sare,fresh,kl_lss_sare,greedy,0.9999999793959252,0.9999999793959252,0.9999999793959252,1.2938569180759383,11.449198805255655,1.003424178670954,0.9804031642866723,11.337055359357668,-0.010876132606494206,1.384194744957818,outputs/experiments/lss_claim_hardening/additional_seeds/seed_31/kl_lss_sare,31,fresh,1.0,sare
0.5,outputs/experiments/lss_claim_hardening/additional_seeds/seed_31/kl_lss_sare/latest.pt,outputs/experiments/lss_claim_hardening/additional_seeds/seed_31/kl_lss_sare/student_resolved_config.yaml,0.43562182988421627,0.8519639309828577,3.650078725100339,0.8654331841235794,3.637898723602295,0.9246201303005218,12.0,0.8403676937294703,0.8889795538877423,3.650272058457451,0.8644937087874376,25.046875,0.9082687390036881,0.984375,0.2538367753081462,0.24787563649827943,0.25165934066342954,0.24662821986438596,False,kl_lss_sare,fresh,kl_lss_sare,sampled_t1.0,0.9999999914537457,0.9999999914537457,0.9999999914537457,1.291300352443667,11.448935677023496,1.5604648745673544,0.9749983411063167,11.350027101881365,0.0022593421807173665,1.3841743052882307,outputs/experiments/lss_claim_hardening/additional_seeds/seed_31/kl_lss_sare,31,fresh,1.0,sare
1.0,outputs/experiments/lss_multi_expert_hardening/fresh_single_expert_controls/seed_31/kl_lss_single_expert/latest.pt,outputs/experiments/lss_multi_expert_hardening/fresh_single_expert_controls/seed_31/kl_lss_single_expert/student_resolved_config.yaml,0.15096877528372427,1.0,4.932798121154889,0.9588373913689205,,,9.0,0.9332514950398639,0.9752386069644694,4.932798121154889,0.9588373913689205,9.640625,0.965293737128377,1.0,1.0,,,,True,kl_lss_single_expert,fresh,kl_lss_single_expert,greedy,1.0,1.0,1.0,0.0,11.344979062492465,0.8686572556142453,0.9778757176281493,11.337879840238594,-0.013041380491038715,0.0,outputs/experiments/lss_multi_expert_hardening/fresh_single_expert_controls/seed_31/kl_lss_single_expert,31,fresh,1.0,single_expert
1.0,outputs/experiments/lss_multi_expert_hardening/fresh_single_expert_controls/seed_31/kl_lss_single_expert/latest.pt,outputs/experiments/lss_multi_expert_hardening/fresh_single_expert_controls/seed_31/kl_lss_single_expert/student_resolved_config.yaml,0.14574751543703296,0.9640339867235307,4.908910281067744,0.9621403910070507,4.567187625612531,0.9733937079565865,9.0,0.9412483684895036,0.9773859209522879,4.950876221211366,0.9607584047150024,39.40625,0.8471999885514379,0.890625,1.0,,,,False,kl_lss_single_expert,fresh,kl_lss_single_expert,sampled_t1.0,1.0,1.0,1.0,0.0,11.389286460772238,1.6466023088152943,0.9672890777796344,11.330958642594801,0.005047949356067661,0.0,outputs/experiments/lss_multi_expert_hardening/fresh_single_expert_controls/seed_31/kl_lss_single_expert,31,fresh,1.0,single_expert
1.0,outputs/experiments/lss_claim_consolidation/fresh_matched_controls/seed_31/kl_lss_token_dense/latest.pt,outputs/experiments/lss_claim_consolidation/fresh_matched_controls/seed_31/kl_lss_token_dense/student_resolved_config.yaml,0.043692726489887854,1.0,6.462168098223083,0.9907882040308484,,,9.0,0.9863813886020805,0.9936130857159561,6.462168098223083,0.9907882040308484,9.640625,0.965293737128377,1.0,,,,,True,kl_lss_token_dense,fresh,kl_lss_token_dense,greedy,,,,,11.327873936405888,9.852487163779177,0.4474879985238299,11.32900478221752,0.7672997727806186,0.0,outputs/experiments/lss_claim_consolidation/fresh_matched_controls/seed_31/kl_lss_token_dense,31,fresh,1.0,token_dense
1.0,outputs/experiments/lss_claim_consolidation/fresh_matched_controls/seed_31/kl_lss_token_dense/latest.pt,outputs/experiments/lss_claim_consolidation/fresh_matched_controls/seed_31/kl_lss_token_dense/student_resolved_config.yaml,0.047741589931198467,0.9882161458333334,6.432111687071773,0.9889775244504628,,,9.0,0.9818226513076295,0.9941986480952333,6.432111687071773,0.9889775244504628,9.859375,0.9645062368363142,1.0,,,,,False,kl_lss_token_dense,fresh,kl_lss_token_dense,sampled_t1.0,,,,,11.327875286699777,9.836188270385007,0.4495037460183523,11.329065529696912,0.7648619908884348,0.0,outputs/experiments/lss_claim_consolidation/fresh_matched_controls/seed_31/kl_lss_token_dense,31,fresh,1.0,token_dense
1.0,outputs/experiments/lss_claim_hardening/additional_seeds/seed_31/token_dense_ent1e3/latest.pt,outputs/experiments/lss_claim_hardening/additional_seeds/seed_31/token_dense_ent1e3/resolved_config.yaml,0.027271169743622543,1.0,7.102591631795323,0.9957016342322895,,,10.0,0.9943620315007401,0.9968115907812874,7.102591631795323,0.9957016342322895,10.703125,0.9614687357097864,1.0,,,,,True,recovered_token_dense,fresh,baseline,greedy,,,,,11.332968165365498,10.16641579317243,0.393901840689477,11.336485905593701,0.814521026075556,0.0,outputs/experiments/lss_claim_hardening/additional_seeds/seed_31/token_dense_ent1e3,31,fresh,1.0,token_dense
1.0,outputs/experiments/lss_claim_hardening/additional_seeds/seed_31/token_dense_ent1e3/latest.pt,outputs/experiments/lss_claim_hardening/additional_seeds/seed_31/token_dense_ent1e3/resolved_config.yaml,0.028752975039398214,0.9946222333630421,7.083657193374805,0.995286801067081,,,10.0,0.9935233206281029,0.9968428132191204,7.083657193374805,0.995286801067081,10.796875,0.9611312355846167,1.0,,,,,False,recovered_token_dense,fresh,baseline,sampled_t1.0,,,,,11.332886357461252,10.164542639127342,0.39409272292608855,11.336511488883726,0.8142658843789049,0.0,outputs/experiments/lss_claim_hardening/additional_seeds/seed_31/token_dense_ent1e3,31,fresh,1.0,token_dense
0.5,outputs/experiments/lss_claim_broadening/additional_fresh_block/seed_37/sare_ent1e3/latest.pt,outputs/experiments/lss_claim_broadening/additional_fresh_block/seed_37/sare_ent1e3/resolved_config.yaml,1.090180636703968,1.0,2.084039160773158,0.6956926837973296,2.084039160773158,0.6956926837973296,250.0,,0.6956926837973296,,,250.0,0.0,0.0,0.24182586774975062,0.2451690404266119,0.2432035228908062,0.2698015484511852,True,baseline_sare,fresh_extra,baseline,greedy,0.9999999702274799,0.9999999702274799,0.9999999702274799,0.461762626349926,11.299906069755554,9.681111481189728,0.4780923485606909,11.38009931564331,0.7468586269915104,1.384898368358612,outputs/experiments/lss_claim_broadening/additional_fresh_block/seed_37/sare_ent1e3,37,fresh_extra,1.0,sare
0.5,outputs/experiments/lss_claim_broadening/additional_fresh_block/seed_37/sare_ent1e3/latest.pt,outputs/experiments/lss_claim_broadening/additional_fresh_block/seed_37/sare_ent1e3/resolved_config.yaml,1.0895966275468933,0.7012512828407225,2.0840983211879536,0.6958623888620248,2.0841167410112194,0.6957956766197758,250.0,,0.6958623888620248,2.083527306666711,0.6979304683717406,246.671875,0.015106250066310167,0.03125,0.24188843737542629,0.245182794816792,0.24321007975935935,0.2697186703085899,False,baseline_sare,fresh_extra,baseline,sampled_t1.0,0.9999999787509442,0.9999999787509442,0.9999999787509442,0.4699000460654497,11.29998650074005,9.665567499160767,0.48058591403067114,11.37986466217041,0.7444234139621257,1.3849006811380387,outputs/experiments/lss_claim_broadening/additional_fresh_block/seed_37/sare_ent1e3,37,fresh_extra,1.0,sare
0.5,outputs/experiments/lss_claim_broadening/additional_fresh_block/seed_37/kl_lss_sare/latest.pt,outputs/experiments/lss_claim_broadening/additional_fresh_block/seed_37/kl_lss_sare/student_resolved_config.yaml,0.11814185003624675,1.0,5.566254048432874,0.9714511917920974,,,9.0,0.9706760734215865,0.9719815359403416,5.566254048432874,0.9714511917920974,9.640625,0.965293737128377,1.0,0.2513833649274779,0.260516428002497,0.24298169663766536,0.24511848917094672,True,kl_lss_sare,fresh_extra,kl_lss_sare,greedy,0.9999999738321071,0.9999999738321071,0.9999999738321071,1.2530413996882555,11.379550457000732,1.0238833245707721,0.9440620396195388,11.17782467167552,-0.01132360973009249,1.383850147084492,outputs/experiments/lss_claim_broadening/additional_fresh_block/seed_37/kl_lss_sare,37,fresh_extra,1.0,sare
0.5,outputs/experiments/lss_claim_broadening/additional_fresh_block/seed_37/kl_lss_sare/latest.pt,outputs/experiments/lss_claim_broadening/additional_fresh_block/seed_37/kl_lss_sare/student_resolved_config.yaml,0.12761221756570035,0.9763959679515746,5.514556271080267,0.9689633026634197,,,10.0,0.9554232550313472,0.9765589391399482,5.514556271080267,0.9689633026634197,10.34375,0.9627624861896038,1.0,0.2511753560258792,0.2610170164933571,0.24292704921502334,0.24488055834976527,False,kl_lss_sare,fresh_extra,kl_lss_sare,sampled_t1.0,0.9999999810869877,0.9999999810869877,0.9999999810869877,1.2483249077430139,11.38951692214379,1.0521985223660102,0.9450106403002372,11.180671756084148,-0.010853877407498658,1.383846490428998,outputs/experiments/lss_claim_broadening/additional_fresh_block/seed_37/kl_lss_sare,37,fresh_extra,1.0,sare
1.0,outputs/experiments/lss_multi_expert_hardening/fresh_extra_single_expert_controls/seed_37/kl_lss_single_expert/latest.pt,outputs/experiments/lss_multi_expert_hardening/fresh_extra_single_expert_controls/seed_37/kl_lss_single_expert/student_resolved_config.yaml,0.1396202082416935,1.0,5.398368870355042,0.955207340389582,,,9.0,0.9721460917526625,0.943617668404316,5.398368870355042,0.955207340389582,9.640625,0.965293737128377,1.0,1.0,,,,True,kl_lss_single_expert,fresh_extra,kl_lss_single_expert,greedy,1.0,1.0,1.0,0.0,11.433189264157923,0.9631300314170558,0.9902721476264116,11.404628416387046,-0.011876468859022347,0.0,outputs/experiments/lss_multi_expert_hardening/fresh_extra_single_expert_controls/seed_37/kl_lss_single_expert,37,fresh_extra,1.0,single_expert
1.0,outputs/experiments/lss_multi_expert_hardening/fresh_extra_single_expert_controls/seed_37/kl_lss_single_expert/latest.pt,outputs/experiments/lss_multi_expert_hardening/fresh_extra_single_expert_controls/seed_37/kl_lss_single_expert/student_resolved_config.yaml,0.1646709826316579,0.9538978535761624,5.290363209744602,0.9444851642141198,,,10.0,0.9436673107225998,0.9452534508273657,5.290363209744602,0.9444851642141198,10.4375,0.962424986064434,1.0,1.0,,,,False,kl_lss_single_expert,fresh_extra,kl_lss_single_expert,sampled_t1.0,1.0,1.0,1.0,0.0,11.432157466722572,1.0777536910513172,0.9884500083716019,11.404003383802332,-0.00978969050085415,0.0,outputs/experiments/lss_multi_expert_hardening/fresh_extra_single_expert_controls/seed_37/kl_lss_single_expert,37,fresh_extra,1.0,single_expert
1.0,outputs/experiments/lss_claim_broadening/additional_fresh_matched_controls/seed_37/kl_lss_token_dense/latest.pt,outputs/experiments/lss_claim_broadening/additional_fresh_matched_controls/seed_37/kl_lss_token_dense/student_resolved_config.yaml,0.04599353670457028,1.0,5.939155125600365,0.9923293630021057,,,9.0,0.9892952134424464,0.994405360069241,5.939155125600365,0.9923293630021057,9.640625,0.965293737128377,1.0,,,,,True,kl_lss_token_dense,fresh_extra,kl_lss_token_dense,greedy,,,,,11.335497518865074,10.592575503558647,0.3148890144941283,11.34356347525992,0.8885249495506287,0.0,outputs/experiments/lss_claim_broadening/additional_fresh_matched_controls/seed_37/kl_lss_token_dense,37,fresh_extra,1.0,token_dense
1.0,outputs/experiments/lss_claim_broadening/additional_fresh_matched_controls/seed_37/kl_lss_token_dense/latest.pt,outputs/experiments/lss_claim_broadening/additional_fresh_matched_controls/seed_37/kl_lss_token_dense/student_resolved_config.yaml,0.04671863981741679,0.992117273045582,5.927923775070278,0.9921620218789844,,,9.0,0.9892147930175851,0.9944543109934059,5.927923775070278,0.9921620218789844,9.765625,0.964843736961484,1.0,,,,,False,kl_lss_token_dense,fresh_extra,kl_lss_token_dense,sampled_t1.0,,,,,11.33522917584675,10.59147011361471,0.31496399241249734,11.343414864889006,0.8884585187202547,0.0,outputs/experiments/lss_claim_broadening/additional_fresh_matched_controls/seed_37/kl_lss_token_dense,37,fresh_extra,1.0,token_dense
1.0,outputs/experiments/lss_claim_broadening/additional_fresh_block/seed_37/token_dense_ent1e3/latest.pt,outputs/experiments/lss_claim_broadening/additional_fresh_block/seed_37/token_dense_ent1e3/resolved_config.yaml,0.06778038350994156,1.0,5.838052054755895,0.9899828893602796,,,9.0,0.9912832390500698,0.9889054567601676,5.838052054755895,0.9899828893602796,9.84375,0.9645624868571758,1.0,,,,,True,recovered_token_dense,fresh_extra,baseline,greedy,,,,,11.3291978491358,10.649986025798752,0.3022615970617317,11.346768735403037,0.8964458668088339,0.0,outputs/experiments/lss_claim_broadening/additional_fresh_block/seed_37/token_dense_ent1e3,37,fresh_extra,1.0,token_dense
1.0,outputs/experiments/lss_claim_broadening/additional_fresh_block/seed_37/token_dense_ent1e3/latest.pt,outputs/experiments/lss_claim_broadening/additional_fresh_block/seed_37/token_dense_ent1e3/resolved_config.yaml,0.07030301299277208,0.9846559112184113,5.798950771693104,0.9894643963046192,,,10.0,0.990618407489058,0.9889008094471027,5.798950771693104,0.9894643963046192,10.171875,0.9633812373504043,1.0,,,,,False,recovered_token_dense,fresh_extra,baseline,sampled_t1.0,,,,,11.328803915136001,10.638847115460564,0.30392886259976554,11.346871252620922,0.8949636340141296,0.0,outputs/experiments/lss_claim_broadening/additional_fresh_block/seed_37/token_dense_ent1e3,37,fresh_extra,1.0,token_dense
0.5,outputs/experiments/lss_claim_broadening/additional_fresh_block/seed_41/sare_ent1e3/latest.pt,outputs/experiments/lss_claim_broadening/additional_fresh_block/seed_41/sare_ent1e3/resolved_config.yaml,1.4556192476674914,1.0,0.33589445529878137,0.3963652710784227,0.33589445529878137,0.3963652710784227,250.0,,0.3963652710784227,,,250.0,0.0,0.0,0.26357107239961625,0.2438401928022504,0.24400049873441457,0.2485882174298167,True,baseline_sare,fresh_extra,baseline,greedy,0.9999999701082707,0.9999999701082707,0.9999999701082707,0.7435852083861828,11.456498380184174,5.636897378444671,0.8105684033334255,11.347436104297637,0.24829560931771993,1.3849810436964034,outputs/experiments/lss_claim_broadening/additional_fresh_block/seed_41/sare_ent1e3,41,fresh_extra,1.0,sare
0.5,outputs/experiments/lss_claim_broadening/additional_fresh_block/seed_41/sare_ent1e3/latest.pt,outputs/experiments/lss_claim_broadening/additional_fresh_block/seed_41/sare_ent1e3/resolved_config.yaml,1.3676961494396804,0.46394181987291344,0.5249250503666926,0.45719184914448013,0.5164511827230454,0.45314366301894193,80.5,0.45077354844187406,0.4636101498470862,0.525489974876269,0.4574617282195159,97.84375,0.6415125040803105,0.9375,0.26418571141031055,0.24373609510778685,0.24388549650273128,0.24819267238789833,False,baseline_sare,fresh_extra,baseline,sampled_t1.0,0.9999999511311626,0.9999999511311626,0.9999999511311626,0.7302797627030757,11.460026810183162,5.530493133388765,0.8137958326534919,11.350661617970607,0.23941013040946937,1.384883639686986,outputs/experiments/lss_claim_broadening/additional_fresh_block/seed_41/sare_ent1e3,41,fresh_extra,1.0,sare
0.5,outputs/experiments/lss_claim_broadening/additional_fresh_block/seed_41/kl_lss_sare/latest.pt,outputs/experiments/lss_claim_broadening/additional_fresh_block/seed_41/kl_lss_sare/student_resolved_config.yaml,0.15296540347797843,1.0,5.131588450262434,0.953721042944512,,,9.0,0.9484415605981064,0.9573333203394211,5.131588450262434,0.953721042944512,9.765625,0.964843736961484,1.0,0.27384517199936365,0.2508194132574967,0.23933786579540797,0.23599752978909583,True,kl_lss_sare,fresh_extra,kl_lss_sare,greedy,0.9999999737455731,0.9999999737455731,0.9999999737455731,0.7649251378717876,11.434451727640061,0.8498610392922447,0.974491447919891,11.36170404297965,-0.013561115788650654,1.3798602407886869,outputs/experiments/lss_claim_broadening/additional_fresh_block/seed_41/kl_lss_sare,41,fresh_extra,1.0,sare
0.5,outputs/experiments/lss_claim_broadening/additional_fresh_block/seed_41/kl_lss_sare/latest.pt,outputs/experiments/lss_claim_broadening/additional_fresh_block/seed_41/kl_lss_sare/student_resolved_config.yaml,0.18557183499239738,0.9605112596735639,4.889087541766196,0.9390039338870819,,,10.0,0.9119432081266653,0.955240369343332,4.889087541766196,0.9390039338870819,11.140625,0.9598937360569835,1.0,0.2726714889534184,0.25287288415138837,0.2396893151959435,0.23476628519472528,False,kl_lss_sare,fresh_extra,kl_lss_sare,sampled_t1.0,0.9999999833888695,0.9999999833888695,0.9999999833888695,0.8112326166668876,11.43358543270924,1.0731412050176838,0.9713995925715713,11.363365626725994,-0.008811348700918807,1.379692693225673,outputs/experiments/lss_claim_broadening/additional_fresh_block/seed_41/kl_lss_sare,41,fresh_extra,1.0,sare
1.0,outputs/experiments/lss_multi_expert_hardening/fresh_extra_single_expert_controls/seed_41/kl_lss_single_expert/latest.pt,outputs/experiments/lss_multi_expert_hardening/fresh_extra_single_expert_controls/seed_41/kl_lss_single_expert/student_resolved_config.yaml,0.514047447257681,1.0,3.4719855975511056,0.8144126747686357,1.249355501678255,0.6774950505031478,250.0,,0.8144126747686357,6.329652863673341,0.9904496202528342,144.40625,0.4238874949514866,0.4375,1.0,,,,True,kl_lss_single_expert,fresh_extra,kl_lss_single_expert,greedy,1.0,1.0,1.0,0.0,11.47804589671088,0.6045265508846277,0.9946770802922051,11.433274063731696,-0.016983503153979392,0.0,outputs/experiments/lss_multi_expert_hardening/fresh_extra_single_expert_controls/seed_41/kl_lss_single_expert,41,fresh_extra,1.0,single_expert
1.0,outputs/experiments/lss_multi_expert_hardening/fresh_extra_single_expert_controls/seed_41/kl_lss_single_expert/latest.pt,outputs/experiments/lss_multi_expert_hardening/fresh_extra_single_expert_controls/seed_41/kl_lss_single_expert/student_resolved_config.yaml,0.25296487339531165,0.91199614388105,5.120856074782532,0.9135903098103754,,,11.5,0.8465606183825619,0.9806200012381889,5.120856074782532,0.9135903098103754,16.75,0.9396999897435308,1.0,1.0,,,,False,kl_lss_single_expert,fresh_extra,kl_lss_single_expert,sampled_t1.0,1.0,1.0,1.0,0.0,11.44149787409776,0.7643144138816262,0.9923444179450573,11.434390716812237,-0.012918905613209013,0.0,outputs/experiments/lss_multi_expert_hardening/fresh_extra_single_expert_controls/seed_41/kl_lss_single_expert,41,fresh_extra,1.0,single_expert
1.0,outputs/experiments/lss_claim_broadening/additional_fresh_matched_controls/seed_41/kl_lss_token_dense/latest.pt,outputs/experiments/lss_claim_broadening/additional_fresh_matched_controls/seed_41/kl_lss_token_dense/student_resolved_config.yaml,0.5677316227611153,1.0,2.4412931142151355,0.7359704239405691,2.4412931142151355,0.7359704239405691,250.0,,0.7359704239405691,,,250.0,0.0,0.0,,,,,True,kl_lss_token_dense,fresh_extra,kl_lss_token_dense,greedy,,,,,11.36794613456726,9.92453599691391,0.4406645361483097,11.394269865989685,0.7755106338709593,0.0,outputs/experiments/lss_claim_broadening/additional_fresh_matched_controls/seed_41/kl_lss_token_dense,41,fresh_extra,1.0,token_dense
1.0,outputs/experiments/lss_claim_broadening/additional_fresh_matched_controls/seed_41/kl_lss_token_dense/latest.pt,outputs/experiments/lss_claim_broadening/additional_fresh_matched_controls/seed_41/kl_lss_token_dense/student_resolved_config.yaml,0.28110415009516915,0.891556569888456,4.1816053123741215,0.9078803529163019,4.265813485746031,0.9098819115338501,45.5,0.9151440446265273,0.9006166612060763,4.120156104778404,0.90641975608728,128.953125,0.49358125356957316,0.578125,,,,,False,kl_lss_token_dense,fresh_extra,kl_lss_token_dense,sampled_t1.0,,,,,11.365663634965372,10.236400751031693,0.390925406911652,11.379651921825022,0.8278755418753142,0.0,outputs/experiments/lss_claim_broadening/additional_fresh_matched_controls/seed_41/kl_lss_token_dense,41,fresh_extra,1.0,token_dense
1.0,outputs/experiments/lss_claim_broadening/additional_fresh_block/seed_41/token_dense_ent1e3/latest.pt,outputs/experiments/lss_claim_broadening/additional_fresh_block/seed_41/token_dense_ent1e3/resolved_config.yaml,1.5227730173058807,1.0,0.7724778775647283,0.4325604156758636,0.7724778775647283,0.4325604156758636,250.0,,0.4325604156758636,,,250.0,0.0,0.0,,,,,True,recovered_token_dense,fresh_extra,baseline,greedy,,,,,11.363651443481446,10.512145657062531,0.31320980508625507,11.350171685218811,0.8880072348713874,0.0,outputs/experiments/lss_claim_broadening/additional_fresh_block/seed_41/token_dense_ent1e3,41,fresh_extra,1.0,token_dense
1.0,outputs/experiments/lss_claim_broadening/additional_fresh_block/seed_41/token_dense_ent1e3/latest.pt,outputs/experiments/lss_claim_broadening/additional_fresh_block/seed_41/token_dense_ent1e3/resolved_config.yaml,1.3168043411999568,0.5220734705533632,1.1948619256884963,0.5164347453167477,1.1898990078017397,0.509669899230858,250.0,,0.5164347453167477,1.2187741664155956,0.5490290037305798,217.859375,0.13289375067688525,0.171875,,,,,False,recovered_token_dense,fresh_extra,baseline,sampled_t1.0,,,,,11.364889857161584,10.602920907348865,0.30653084995833757,11.360883933367523,0.8903181702142456,0.0,outputs/experiments/lss_claim_broadening/additional_fresh_block/seed_41/token_dense_ent1e3,41,fresh_extra,1.0,token_dense
0.5,outputs/experiments/lss_claim_broadening/additional_fresh_block/seed_43/sare_ent1e3/latest.pt,outputs/experiments/lss_claim_broadening/additional_fresh_block/seed_43/sare_ent1e3/resolved_config.yaml,1.3667742358744146,1.0,0.24649898310750723,0.3752513980772346,0.24649898310750723,0.3752513980772346,250.0,,0.3752513980772346,,,250.0,0.0,0.0,0.2519836397320032,0.2523760608583689,0.25174560470879076,0.24389467423409222,True,baseline_sare,fresh_extra,baseline,greedy,0.9999999700784683,0.9999999700784683,0.9999999700784683,1.0815769954919816,11.550276114463806,7.415743478298188,0.6978793147802352,11.334668166160583,0.43970296342670917,1.3857377981543542,outputs/experiments/lss_claim_broadening/additional_fresh_block/seed_43/sare_ent1e3,43,fresh_extra,1.0,sare
0.5,outputs/experiments/lss_claim_broadening/additional_fresh_block/seed_43/sare_ent1e3/latest.pt,outputs/experiments/lss_claim_broadening/additional_fresh_block/seed_43/sare_ent1e3/resolved_config.yaml,1.26383242685177,0.44995242522356704,0.5688319311860555,0.4486272350448708,0.6834038229296283,0.47103751398671057,233.5,0.4680856347580138,0.4291688353317279,0.4612037904572444,0.42757515482677894,196.234375,0.24511875049211085,0.515625,0.25160012781655694,0.25311188702095344,0.2516327295240565,0.24365523314846982,False,baseline_sare,fresh_extra,baseline,sampled_t1.0,0.9999999764221004,0.9999999764221004,0.9999999764221004,1.0583132336340857,11.48965807605974,7.274138065100715,0.7030422440337107,11.34108674148112,0.4268936694809807,1.3856821307730776,outputs/experiments/lss_claim_broadening/additional_fresh_block/seed_43/sare_ent1e3,43,fresh_extra,1.0,sare
0.5,outputs/experiments/lss_claim_broadening/additional_fresh_block/seed_43/kl_lss_sare/latest.pt,outputs/experiments/lss_claim_broadening/additional_fresh_block/seed_43/kl_lss_sare/student_resolved_config.yaml,0.16772436644919153,1.0,4.40865002627174,0.9620454998525481,2.9178363153513738,0.9365097913952435,250.0,,0.9620454998525481,6.098238898648156,0.9909859694374934,136.984375,0.45373124442994595,0.46875,0.24769379370126063,0.2548134849885661,0.24853313840009061,0.24895955498803302,True,kl_lss_sare,fresh_extra,kl_lss_sare,greedy,0.9999999508778755,0.9999999508778755,0.9999999508778755,1.2879214689182559,11.39120342152352,0.547961036607106,0.9821798377890693,11.332120055279898,-0.017171048246359316,1.382441787783656,outputs/experiments/lss_claim_broadening/additional_fresh_block/seed_43/kl_lss_sare,43,fresh_extra,1.0,sare
0.5,outputs/experiments/lss_claim_broadening/additional_fresh_block/seed_43/kl_lss_sare/latest.pt,outputs/experiments/lss_claim_broadening/additional_fresh_block/seed_43/kl_lss_sare/student_resolved_config.yaml,0.10797294496924417,0.9697718569007642,5.289199600046473,0.9769512137863368,,,10.5,0.9631646405690295,0.9907377870036438,5.289199600046473,0.9769512137863368,18.3125,0.9340749904513359,1.0,0.24770201370120049,0.2567933607028752,0.24788025911988282,0.24762434503290712,False,kl_lss_sare,fresh_extra,kl_lss_sare,sampled_t1.0,0.9999999909139261,0.9999999909139261,0.9999999909139261,1.297772889457098,11.388071827772187,0.7788990646964167,0.980396725055648,11.3367178440094,-0.01291626059200342,1.3821785391830816,outputs/experiments/lss_claim_broadening/additional_fresh_block/seed_43/kl_lss_sare,43,fresh_extra,1.0,sare
1.0,outputs/experiments/lss_multi_expert_hardening/fresh_extra_single_expert_controls/seed_43/kl_lss_single_expert/latest.pt,outputs/experiments/lss_multi_expert_hardening/fresh_extra_single_expert_controls/seed_43/kl_lss_single_expert/student_resolved_config.yaml,0.07848577132229119,1.0,5.448355670409762,0.984112625809795,,,9.0,0.9881848256222555,0.9802872259859687,5.448355670409762,0.984112625809795,10.09375,0.9636624865233898,1.0,1.0,,,,True,kl_lss_single_expert,fresh_extra,kl_lss_single_expert,greedy,1.0,1.0,1.0,0.0,11.351145596731277,0.7300432757252738,0.987970083242371,11.386174372264318,-0.01334611757054171,0.0,outputs/experiments/lss_multi_expert_hardening/fresh_extra_single_expert_controls/seed_43/kl_lss_single_expert,43,fresh_extra,1.0,single_expert
1.0,outputs/experiments/lss_multi_expert_hardening/fresh_extra_single_expert_controls/seed_43/kl_lss_single_expert/latest.pt,outputs/experiments/lss_multi_expert_hardening/fresh_extra_single_expert_controls/seed_43/kl_lss_single_expert/student_resolved_config.yaml,0.08627496501013718,0.9817270958964347,5.356535981394996,0.982102157351711,,,10.0,0.9800747307387007,0.9837820251167768,5.356535981394996,0.982102157351711,11.984375,0.9568562358617783,1.0,1.0,,,,False,kl_lss_single_expert,fresh_extra,kl_lss_single_expert,sampled_t1.0,1.0,1.0,1.0,0.0,11.343977433330608,0.8295094764457559,0.98694797844257,11.387357126991704,-0.011422413620957226,0.0,outputs/experiments/lss_multi_expert_hardening/fresh_extra_single_expert_controls/seed_43/kl_lss_single_expert,43,fresh_extra,1.0,single_expert
1.0,outputs/experiments/lss_claim_broadening/additional_fresh_matched_controls/seed_43/kl_lss_token_dense/latest.pt,outputs/experiments/lss_claim_broadening/additional_fresh_matched_controls/seed_43/kl_lss_token_dense/student_resolved_config.yaml,0.4572971669248218,1.0,2.58789545494318,0.84012212947011,2.58789545494318,0.84012212947011,250.0,,0.84012212947011,,,250.0,0.0,0.0,,,,,True,kl_lss_token_dense,fresh_extra,kl_lss_token_dense,greedy,,,,,11.352001853942872,7.160873990058899,0.7196054798513651,11.370156671524049,0.39674733398854733,0.0,outputs/experiments/lss_claim_broadening/additional_fresh_matched_controls/seed_43/kl_lss_token_dense,43,fresh_extra,1.0,token_dense
1.0,outputs/experiments/lss_claim_broadening/additional_fresh_matched_controls/seed_43/kl_lss_token_dense/latest.pt,outputs/experiments/lss_claim_broadening/additional_fresh_matched_controls/seed_43/kl_lss_token_dense/student_resolved_config.yaml,0.4828864682990396,0.82629386124756,2.4381785588546907,0.8243777310421786,2.4444079712104796,0.8214128460073471,250.0,,0.8243777310421786,2.4159306575840156,0.8349666061665769,229.359375,0.09618124971166253,0.21875,,,,,False,kl_lss_token_dense,fresh_extra,kl_lss_token_dense,sampled_t1.0,,,,,11.351888528590024,7.252879890144294,0.7148504953193567,11.369968127817852,0.40885575964156134,0.0,outputs/experiments/lss_claim_broadening/additional_fresh_matched_controls/seed_43/kl_lss_token_dense,43,fresh_extra,1.0,token_dense
1.0,outputs/experiments/lss_claim_broadening/additional_fresh_block/seed_43/token_dense_ent1e3/latest.pt,outputs/experiments/lss_claim_broadening/additional_fresh_block/seed_43/token_dense_ent1e3/resolved_config.yaml,1.6398648318853228,1.0,0.43140264049917465,0.31500690139550713,0.43140264049917465,0.31500690139550713,250.0,,0.31500690139550713,,,250.0,0.0,0.0,,,,,True,recovered_token_dense,fresh_extra,baseline,greedy,,,,,11.372621055603027,11.136461482524872,0.18006513600051402,11.378407053470612,0.9643749854564667,0.0,outputs/experiments/lss_claim_broadening/additional_fresh_block/seed_43/token_dense_ent1e3,43,fresh_extra,1.0,token_dense
1.0,outputs/experiments/lss_claim_broadening/additional_fresh_block/seed_43/token_dense_ent1e3/latest.pt,outputs/experiments/lss_claim_broadening/additional_fresh_block/seed_43/token_dense_ent1e3/resolved_config.yaml,1.345231839307752,0.46093954408686544,1.2153045367775879,0.45967506858250146,1.2311435575915164,0.46222972190868655,250.0,,0.45967506858250146,0.8932444468943753,0.4077304509500704,245.890625,0.01948124961927533,0.046875,,,,,False,recovered_token_dense,fresh_extra,baseline,sampled_t1.0,,,,,11.364266984939576,11.07264625787735,0.18723724604398012,11.37123067188263,0.9593778243660926,0.0,outputs/experiments/lss_claim_broadening/additional_fresh_block/seed_43/token_dense_ent1e3,43,fresh_extra,1.0,token_dense
0.5,outputs/experiments/lss_multi_expert_hardening/final_fresh_block/seed_47/sare_ent1e3/latest.pt,outputs/experiments/lss_multi_expert_hardening/final_fresh_block/seed_47/sare_ent1e3/resolved_config.yaml,1.5616808459162712,1.0,0.1271938793361187,0.32771498057991266,0.1271938793361187,0.32771498057991266,250.0,,0.32771498057991266,,,250.0,0.0,0.0,0.2422751598060131,0.24035311490297318,0.26992344856262207,0.24744825437664986,True,baseline_sare,fresh_final,baseline,greedy,1.0,1.0,1.0,0.5733617693185806,11.32086956501007,9.74070918560028,0.4793214350938797,11.39318299293518,0.7486949637532234,1.384607583284378,outputs/experiments/lss_multi_expert_hardening/final_fresh_block/seed_47/sare_ent1e3,47,fresh_final,1.0,sare
0.5,outputs/experiments/lss_multi_expert_hardening/final_fresh_block/seed_47/sare_ent1e3/latest.pt,outputs/experiments/lss_multi_expert_hardening/final_fresh_block/seed_47/sare_ent1e3/resolved_config.yaml,1.5614617965295912,0.32281249999999995,0.12946906847506762,0.32834264482185244,0.12946906847506762,0.32834264482185244,250.0,,0.32834264482185244,,,250.0,0.0,0.0,0.24230231343209743,0.24039514699578285,0.269883952409029,0.2474185634329915,False,baseline_sare,fresh_final,baseline,sampled_t1.0,0.9999999926686287,0.9999999926686287,0.9999999926686287,0.5819594994187355,11.320880393505096,9.719841774940491,0.4818932735472918,11.3930660405159,0.7461719865500926,1.3846041169166565,outputs/experiments/lss_multi_expert_hardening/final_fresh_block/seed_47/sare_ent1e3,47,fresh_final,1.0,sare
0.5,outputs/experiments/lss_multi_expert_hardening/final_fresh_block/seed_47/kl_lss_sare/latest.pt,outputs/experiments/lss_multi_expert_hardening/final_fresh_block/seed_47/kl_lss_sare/student_resolved_config.yaml,0.15007156756025508,1.0,5.42612050961703,0.9726244981978088,5.42612050961703,0.9726244981978088,250.0,,0.9726244981978088,,,250.0,0.0,0.0,0.24120591589808463,0.2525593960434198,0.2008139396607876,0.3054207071810961,True,kl_lss_sare,fresh_final,kl_lss_sare,greedy,0.9999999985694885,0.9999999985694885,0.9999999985694885,0.7682875588536262,11.384791644573212,1.0441482900083066,0.972621314227581,11.288880667209625,-0.011187359185190872,1.3626897102594375,outputs/experiments/lss_multi_expert_hardening/final_fresh_block/seed_47/kl_lss_sare,47,fresh_final,1.0,sare
0.5,outputs/experiments/lss_multi_expert_hardening/final_fresh_block/seed_47/kl_lss_sare/latest.pt,outputs/experiments/lss_multi_expert_hardening/final_fresh_block/seed_47/kl_lss_sare/student_resolved_config.yaml,0.15586323959371146,0.945605885883976,5.490449084989865,0.9595245994437177,5.889594060457669,0.9811757582303806,250.0,,0.9595245994437177,4.867782923260089,0.9257487917365236,178.578125,0.2961812479188666,0.390625,0.24221586969189604,0.2537067822105964,0.2008833689815611,0.30319394839019925,False,kl_lss_sare,fresh_final,kl_lss_sare,sampled_t1.0,0.9999999880246376,0.9999999880246376,0.9999999880246376,0.767407267566452,11.390014442523476,0.9785547303126982,0.9734205343485345,11.288672533676039,-0.01270746590784676,1.3638921040611491,outputs/experiments/lss_multi_expert_hardening/final_fresh_block/seed_47/kl_lss_sare,47,fresh_final,1.0,sare
1.0,outputs/experiments/lss_multi_expert_hardening/final_fresh_matched_controls/seed_47/kl_lss_token_dense/latest.pt,outputs/experiments/lss_multi_expert_hardening/final_fresh_matched_controls/seed_47/kl_lss_token_dense/student_resolved_config.yaml,0.12985096491571613,1.0,4.916633455007577,0.9647125567644164,,,10.0,0.9486221482910018,0.9772273189104056,4.916633455007577,0.9647125567644164,10.40625,0.9625374861061573,1.0,,,,,True,kl_lss_token_dense,fresh_final,kl_lss_token_dense,greedy,,,,,11.33146571053399,10.028228855133056,0.4184676753150092,11.340355724758572,0.7955300211906433,0.0,outputs/experiments/lss_multi_expert_hardening/final_fresh_matched_controls/seed_47/kl_lss_token_dense,47,fresh_final,1.0,token_dense
1.0,outputs/experiments/lss_multi_expert_hardening/final_fresh_matched_controls/seed_47/kl_lss_token_dense/latest.pt,outputs/experiments/lss_multi_expert_hardening/final_fresh_matched_controls/seed_47/kl_lss_token_dense/student_resolved_config.yaml,0.13899360835785718,0.9637857801920303,4.834136589293885,0.961068022204554,,,11.0,0.9446466959595791,0.9730511521671033,4.834136589293885,0.961068022204554,11.359375,0.9591062357649207,1.0,,,,,False,kl_lss_token_dense,fresh_final,kl_lss_token_dense,sampled_t1.0,,,,,11.331641391832001,10.03334075577405,0.4179663183737774,11.341181326885613,0.7963075005278295,0.0,outputs/experiments/lss_multi_expert_hardening/final_fresh_matched_controls/seed_47/kl_lss_token_dense,47,fresh_final,1.0,token_dense
1.0,outputs/experiments/lss_multi_expert_hardening/final_fresh_block/seed_47/token_dense_ent1e3/latest.pt,outputs/experiments/lss_multi_expert_hardening/final_fresh_block/seed_47/token_dense_ent1e3/resolved_config.yaml,0.2234408425337565,1.0,3.8629167085447857,0.9530379287960138,,,13.0,0.947459717203542,0.957659875544062,3.8629167085447857,0.9530379287960138,12.671875,0.9543812330812216,1.0,,,,,True,recovered_token_dense,fresh_final,baseline,greedy,,,,,11.372219545799389,10.235203466917339,0.3719845001111951,11.352401407141434,0.831489764807517,0.0,outputs/experiments/lss_multi_expert_hardening/final_fresh_block/seed_47/token_dense_ent1e3,47,fresh_final,1.0,token_dense
1.0,outputs/experiments/lss_multi_expert_hardening/final_fresh_block/seed_47/token_dense_ent1e3/latest.pt,outputs/experiments/lss_multi_expert_hardening/final_fresh_block/seed_47/token_dense_ent1e3/resolved_config.yaml,0.23081402965788955,0.9626945247815266,3.8259354053760726,0.9504990244543075,,,14.0,0.9395109222367455,0.9580171996557971,3.8259354053760726,0.9504990244543075,13.421875,0.9516812320798635,1.0,,,,,False,recovered_token_dense,fresh_final,baseline,sampled_t1.0,,,,,11.372552357549253,10.296149768000063,0.3621847958668419,11.353053557354471,0.8408738198487655,0.0,outputs/experiments/lss_multi_expert_hardening/final_fresh_block/seed_47/token_dense_ent1e3,47,fresh_final,1.0,token_dense
0.5,outputs/experiments/lss_multi_expert_hardening/final_fresh_block/seed_53/sare_ent1e3/latest.pt,outputs/experiments/lss_multi_expert_hardening/final_fresh_block/seed_53/sare_ent1e3/resolved_config.yaml,1.8823695091158152,1.0,0.445858772141859,0.2488127397308126,0.445858772141859,0.2488127397308126,250.0,,0.2488127397308126,,,250.0,0.0,0.0,0.24499294055253268,0.24825491543859243,0.25874078607559203,0.24801133745908738,True,baseline_sare,fresh_final,baseline,greedy,0.9999999925494194,0.9999999925494194,0.9999999925494194,0.4842266539335251,11.325247049331665,8.760633793830872,0.5641248670816421,11.363484748840332,0.6136434521377087,1.3857097274065018,outputs/experiments/lss_multi_expert_hardening/final_fresh_block/seed_53/sare_ent1e3,53,fresh_final,1.0,sare
0.5,outputs/experiments/lss_multi_expert_hardening/final_fresh_block/seed_53/sare_ent1e3/latest.pt,outputs/experiments/lss_multi_expert_hardening/final_fresh_block/seed_53/sare_ent1e3/resolved_config.yaml,1.870586621358637,0.2603573832086101,0.48362984018379396,0.25990901885419126,0.4650009336074193,0.25525664547511506,250.0,,0.25990901885419126,0.5191941163750547,0.26879082257788206,225.53125,0.1224625000031665,0.34375,0.245369350719926,0.24816209502023032,0.2584270662752388,0.24804147099369425,False,baseline_sare,fresh_final,baseline,sampled_t1.0,0.9999999833131947,0.9999999833131947,0.9999999833131947,0.5082161410637142,11.323812096484478,8.646597194521917,0.5727007655433682,11.363528176791252,0.5979209411587159,1.385700408043754,outputs/experiments/lss_multi_expert_hardening/final_fresh_block/seed_53/sare_ent1e3,53,fresh_final,1.0,sare
0.5,outputs/experiments/lss_multi_expert_hardening/final_fresh_block/seed_53/kl_lss_sare/latest.pt,outputs/experiments/lss_multi_expert_hardening/final_fresh_block/seed_53/kl_lss_sare/student_resolved_config.yaml,0.031022258571591965,1.0,7.098318647383611,0.9945579285675668,8.018962035640593,0.9988962191304853,12.0,0.9988962191304853,0.9904825647054312,6.2334718281119015,0.9904825647054312,125.859375,0.49846874363720417,0.515625,0.2455199213114321,0.24680630734866862,0.2161059914400057,0.29156776117755756,True,kl_lss_sare,fresh_final,kl_lss_sare,greedy,0.9999999968180552,0.9999999968180552,0.9999999968180552,0.7305353076487524,11.523637056123427,1.7559850786389113,0.974949042381163,11.337283248101336,0.004386880780189334,1.3755975110514944,outputs/experiments/lss_multi_expert_hardening/final_fresh_block/seed_53/kl_lss_sare,53,fresh_final,1.0,sare
0.5,outputs/experiments/lss_multi_expert_hardening/final_fresh_block/seed_53/kl_lss_sare/latest.pt,outputs/experiments/lss_multi_expert_hardening/final_fresh_block/seed_53/kl_lss_sare/student_resolved_config.yaml,0.035836846483757484,0.9893741319444445,6.8797422622840765,0.993456720971599,8.01797234452289,0.9989119828265646,11.0,0.9977600584853265,0.9901096806831448,6.241222947857424,0.9903964521261306,96.0625,0.618237491697073,0.640625,0.2457398247668903,0.2468680388619455,0.21611927182337884,0.29127284324768055,False,kl_lss_sare,fresh_final,kl_lss_sare,sampled_t1.0,0.9999999972194006,0.9999999972194006,0.9999999972194006,0.7309371634390935,11.521500605715518,1.730746363124779,0.9751197700009963,11.336958657041121,0.003895410155943198,1.3756734808666284,outputs/experiments/lss_multi_expert_hardening/final_fresh_block/seed_53/kl_lss_sare,53,fresh_final,1.0,sare
1.0,outputs/experiments/lss_multi_expert_hardening/final_fresh_matched_controls/seed_53/kl_lss_token_dense/latest.pt,outputs/experiments/lss_multi_expert_hardening/final_fresh_matched_controls/seed_53/kl_lss_token_dense/student_resolved_config.yaml,0.018467441562776292,1.0,7.792528296299923,0.9968350133705752,,,10.0,0.9955314907959569,0.9977268972374196,7.792528296299923,0.9968350133705752,10.046875,0.9638312365859747,1.0,,,,,True,kl_lss_token_dense,fresh_final,kl_lss_token_dense,greedy,,,,,11.317636259670916,9.41121812798511,0.4884775770806718,11.318555349591135,0.7046496450215921,0.0,outputs/experiments/lss_multi_expert_hardening/final_fresh_matched_controls/seed_53/kl_lss_token_dense,53,fresh_final,1.0,token_dense
1.0,outputs/experiments/lss_multi_expert_hardening/final_fresh_matched_controls/seed_53/kl_lss_token_dense/latest.pt,outputs/experiments/lss_multi_expert_hardening/final_fresh_matched_controls/seed_53/kl_lss_token_dense/student_resolved_config.yaml,0.01840814671708657,0.9986979166666666,7.7948268447224525,0.9968485673383876,,,10.0,0.9955648544090334,0.9977268972374196,7.7948268447224525,0.9968485673383876,10.0625,0.9637749865651131,1.0,,,,,False,kl_lss_token_dense,fresh_final,kl_lss_token_dense,sampled_t1.0,,,,,11.317620825493472,9.413984934488932,0.48805715400597144,11.318523231594042,0.7051142933724941,0.0,outputs/experiments/lss_multi_expert_hardening/final_fresh_matched_controls/seed_53/kl_lss_token_dense,53,fresh_final,1.0,token_dense
1.0,outputs/experiments/lss_multi_expert_hardening/final_fresh_block/seed_53/token_dense_ent1e3/latest.pt,outputs/experiments/lss_multi_expert_hardening/final_fresh_block/seed_53/token_dense_ent1e3/resolved_config.yaml,0.41338115967723854,1.0,3.4000190951623157,0.9094196339719942,,,9.0,0.9063996883395041,0.9120842918830148,3.4000190951623157,0.9094196339719942,9.96875,0.9641124866902828,1.0,,,,,True,recovered_token_dense,fresh_final,baseline,greedy,,,,,11.320059831752333,9.504674911499023,0.4875111319991045,11.321070260779802,0.7155821822410406,0.0,outputs/experiments/lss_multi_expert_hardening/final_fresh_block/seed_53/token_dense_ent1e3,53,fresh_final,1.0,token_dense
1.0,outputs/experiments/lss_multi_expert_hardening/final_fresh_block/seed_53/token_dense_ent1e3/latest.pt,outputs/experiments/lss_multi_expert_hardening/final_fresh_block/seed_53/token_dense_ent1e3/resolved_config.yaml,0.4255286047213529,0.9210199602572136,3.371515878021479,0.9057851432603856,,,10.0,0.8987736805531834,0.9123716688338183,3.371515878021479,0.9057851432603856,11.1875,0.959724985063076,1.0,,,,,False,recovered_token_dense,fresh_final,baseline,sampled_t1.0,,,,,11.320213468451248,9.466976687782688,0.4927537805155704,11.321346945511667,0.7097002230192485,0.0,outputs/experiments/lss_multi_expert_hardening/final_fresh_block/seed_53/token_dense_ent1e3,53,fresh_final,1.0,token_dense
0.5,outputs/experiments/lss_multi_expert_hardening/final_fresh_block/seed_59/sare_ent1e3/latest.pt,outputs/experiments/lss_multi_expert_hardening/final_fresh_block/seed_59/sare_ent1e3/resolved_config.yaml,1.256086048141122,1.0,1.0678036270365119,0.5407938524819911,1.0678036270365119,0.5407938524819911,250.0,,0.5407938524819911,,,250.0,0.0,0.0,0.2501005626693368,0.25897288002073765,0.24268388468772173,0.2482426525875926,True,baseline_sare,fresh_final,baseline,greedy,0.999999996304512,0.999999996304512,0.999999996304512,0.5293618406057358,11.448264856815339,7.534539314985275,0.6770461322963238,11.33611040353775,0.4577972951978445,1.3856611225605011,outputs/experiments/lss_multi_expert_hardening/final_fresh_block/seed_59/sare_ent1e3,59,fresh_final,1.0,sare
0.5,outputs/experiments/lss_multi_expert_hardening/final_fresh_block/seed_59/sare_ent1e3/latest.pt,outputs/experiments/lss_multi_expert_hardening/final_fresh_block/seed_59/sare_ent1e3/resolved_config.yaml,1.2324398179124425,0.5602399896697403,1.1142976685381574,0.5546103617645488,1.1421829429317163,0.563702362769359,250.0,,0.5546103617645488,1.0760845147395761,0.5421509529801797,209.015625,0.18973125133197755,0.421875,0.2509557683916055,0.25905139859794646,0.2421063285399381,0.2478864861369661,False,baseline_sare,fresh_final,baseline,sampled_t1.0,0.9999999605275995,0.9999999605275995,0.9999999605275995,0.5515533053003673,11.449782963474988,6.985896284530065,0.7100113869571475,11.346387797151822,0.3947869836789033,1.3856122167007472,outputs/experiments/lss_multi_expert_hardening/final_fresh_block/seed_59/sare_ent1e3,59,fresh_final,1.0,sare
0.5,outputs/experiments/lss_multi_expert_hardening/final_fresh_block/seed_59/kl_lss_sare/latest.pt,outputs/experiments/lss_multi_expert_hardening/final_fresh_block/seed_59/kl_lss_sare/student_resolved_config.yaml,0.46813250595185074,1.0,4.223357025572232,0.8669137054094009,2.1436041168006694,0.7726074790761277,250.0,,0.8669137054094009,7.073388789444373,0.9961481637179607,148.140625,0.40888124518096447,0.421875,0.2689687044222527,0.25493207053050726,0.2298909812394915,0.2462082150447705,True,kl_lss_sare,fresh_final,kl_lss_sare,greedy,0.9999999985052127,0.9999999985052127,0.9999999985052127,0.9250212462157665,11.418558641660924,0.7615579279332325,0.9544730512045768,11.25768687508323,-0.015163985452889158,1.3831336181552432,outputs/experiments/lss_multi_expert_hardening/final_fresh_block/seed_59/kl_lss_sare,59,fresh_final,1.0,sare
0.5,outputs/experiments/lss_multi_expert_hardening/final_fresh_block/seed_59/kl_lss_sare/latest.pt,outputs/experiments/lss_multi_expert_hardening/final_fresh_block/seed_59/kl_lss_sare/student_resolved_config.yaml,0.09099151346093959,0.9721777524644688,6.409804948014728,0.9772853125416914,6.192885769091154,0.9903902563546833,12.5,0.9650736689000428,0.9894969561833399,6.501393045782459,0.9717521140428725,83.546875,0.6695437403395772,0.703125,0.275079862832717,0.25027283283957164,0.23098255858418265,0.2436647076967898,False,kl_lss_sare,fresh_final,kl_lss_sare,sampled_t1.0,0.9999999594474176,0.9999999594474176,0.9999999594474176,0.9082311863158572,11.638116586805156,1.3555657816943216,0.9592117941884541,11.290355862334696,-0.005066362086477879,1.3817410611371785,outputs/experiments/lss_multi_expert_hardening/final_fresh_block/seed_59/kl_lss_sare,59,fresh_final,1.0,sare
1.0,outputs/experiments/lss_multi_expert_hardening/final_fresh_matched_controls/seed_59/kl_lss_token_dense/latest.pt,outputs/experiments/lss_multi_expert_hardening/final_fresh_matched_controls/seed_59/kl_lss_token_dense/student_resolved_config.yaml,0.031724666204187256,1.0,6.688922381591937,0.9945635941172786,,,10.0,0.9920582702753211,0.995969019687157,6.688922381591937,0.9945635941172786,10.15625,0.9634374864399433,1.0,,,,,True,kl_lss_token_dense,fresh_final,kl_lss_token_dense,greedy,,,,,11.321662363551912,10.142480992135548,0.4008205673169522,11.343704376901899,0.8137881248479798,0.0,outputs/experiments/lss_multi_expert_hardening/final_fresh_matched_controls/seed_59/kl_lss_token_dense,59,fresh_final,1.0,token_dense
1.0,outputs/experiments/lss_multi_expert_hardening/final_fresh_matched_controls/seed_59/kl_lss_token_dense/latest.pt,outputs/experiments/lss_multi_expert_hardening/final_fresh_matched_controls/seed_59/kl_lss_token_dense/student_resolved_config.yaml,0.036829103631865964,0.9905146893037517,6.556404226254856,0.9934905297733065,,,10.0,0.9892173082399461,0.996608826567921,6.556404226254856,0.9934905297733065,11.8125,0.9574749870225787,1.0,,,,,False,kl_lss_token_dense,fresh_final,kl_lss_token_dense,sampled_t1.0,,,,,11.32483777812883,10.161374475441727,0.3967879250937817,11.347479595857507,0.820455264227063,0.0,outputs/experiments/lss_multi_expert_hardening/final_fresh_matched_controls/seed_59/kl_lss_token_dense,59,fresh_final,1.0,token_dense
1.0,outputs/experiments/lss_multi_expert_hardening/final_fresh_block/seed_59/token_dense_ent1e3/latest.pt,outputs/experiments/lss_multi_expert_hardening/final_fresh_block/seed_59/token_dense_ent1e3/resolved_config.yaml,0.07236298551065867,1.0,5.934087589505047,0.9864337161878748,,,10.0,0.9795255189104314,0.9908620477759794,5.934087589505047,0.9864337161878748,10.1875,0.9633249863982201,1.0,,,,,True,recovered_token_dense,fresh_final,baseline,greedy,,,,,11.348707692376498,10.23140469912825,0.3811885186995583,11.347539463262448,0.8307057208028333,0.0,outputs/experiments/lss_multi_expert_hardening/final_fresh_block/seed_59/token_dense_ent1e3,59,fresh_final,1.0,token_dense
1.0,outputs/experiments/lss_multi_expert_hardening/final_fresh_block/seed_59/token_dense_ent1e3/latest.pt,outputs/experiments/lss_multi_expert_hardening/final_fresh_block/seed_59/token_dense_ent1e3/resolved_config.yaml,0.07362905507880818,0.983181042303285,5.936004378177129,0.9858721928043606,,,10.0,0.9800765847680724,0.9909859646010853,5.936004378177129,0.9858721928043606,10.546875,0.9620312359184027,1.0,,,,,False,recovered_token_dense,fresh_final,baseline,sampled_t1.0,,,,,11.348793103144718,10.240438157385523,0.37953647185157946,11.347738339350773,0.8318567354600508,0.0,outputs/experiments/lss_multi_expert_hardening/final_fresh_block/seed_59/token_dense_ent1e3,59,fresh_final,1.0,token_dense
0.5,outputs/reproductions/lss_robustness_baseline/seed_7/sare_ent1e3/latest.pt,outputs/reproductions/lss_robustness_baseline/seed_7/sare_ent1e3/resolved_config.yaml,1.337785590108484,1.0,0.40664625899493695,0.41770274318754674,0.40664625899493695,0.41770274318754674,250.0,,0.41770274318754674,,,250.0,0.0,0.0,0.2550734705030918,0.24841929393261672,0.24803117234259844,0.2484760502129793,True,baseline_sare,original,baseline,greedy,0.9999999925792217,0.9999999925792217,0.9999999925792217,1.2285044238567353,11.551625040531158,6.424601987838745,0.7752664829790592,11.290794645309449,0.3337999366819859,1.3855363711714745,outputs/reproductions/lss_robustness_baseline/seed_7/sare_ent1e3,7,original,1.0,sare
0.5,outputs/reproductions/lss_robustness_baseline/seed_7/sare_ent1e3/latest.pt,outputs/reproductions/lss_robustness_baseline/seed_7/sare_ent1e3/resolved_config.yaml,1.2060470413464461,0.5073611987655641,0.7309019173935023,0.4995334208436381,,,50.5,0.48974565107373663,0.5093211906135395,0.7309019173935023,0.4995334208436381,59.75,0.784900005441159,1.0,0.2554738260480538,0.24835762818446333,0.24802868921199187,0.2481398428765891,False,baseline_sare,original,baseline,sampled_t1.0,0.9999999794036306,0.9999999794036306,0.9999999794036306,1.2153226690558654,11.555130642330044,6.112799674428571,0.7895527059703181,11.299649453287973,0.30364130156514535,1.3854873369709568,outputs/reproductions/lss_robustness_baseline/seed_7/sare_ent1e3,7,original,1.0,sare
0.5,outputs/reproductions/lss_claim_hardening_baseline/seed_7/kl_lss_sare/latest.pt,outputs/reproductions/lss_claim_hardening_baseline/seed_7/kl_lss_sare/student_resolved_config.yaml,0.05792313894314011,1.0,5.988990702550271,0.9900415436491373,,,11.0,0.9898570139848049,0.9901254207692883,5.988990702550271,0.9900415436491373,10.921875,0.9606812354177237,1.0,0.24632011128194403,0.24979259675801402,0.25048550511851453,0.25340176561866146,True,kl_lss_sare,original,kl_lss_sare,greedy,0.9999999933772616,0.9999999933772616,0.9999999933772616,1.269103659523858,11.467710967015739,0.8807272899030435,0.9717341041324115,11.310502562860046,-0.012998507842609678,1.3844813277023007,outputs/reproductions/lss_claim_hardening_baseline/seed_7/kl_lss_sare,7,original,1.0,sare
0.5,outputs/reproductions/lss_claim_hardening_baseline/seed_7/kl_lss_sare/latest.pt,outputs/reproductions/lss_claim_hardening_baseline/seed_7/kl_lss_sare/student_resolved_config.yaml,0.0595055808098255,0.993936011904762,5.975496136614484,0.9894761121815114,,,11.0,0.9895931328936808,0.9894104664161478,5.975496136614484,0.9894761121815114,10.953125,0.9605687353760004,1.0,0.24628105711029924,0.24986862439824187,0.2505120920098346,0.25333821514378424,False,kl_lss_sare,original,kl_lss_sare,sampled_t1.0,0.9999999922254811,0.9999999922254811,0.9999999922254811,1.2671435475349426,11.46413691147514,0.9151704460382462,0.9716333235087602,11.311124366262685,-0.012567135302916817,1.3844989797343379,outputs/reproductions/lss_claim_hardening_baseline/seed_7/kl_lss_sare,7,original,1.0,sare
1.0,outputs/experiments/lss_claim_broadening/single_expert_controls/seed_7/kl_lss_single_expert/latest.pt,outputs/experiments/lss_claim_broadening/single_expert_controls/seed_7/kl_lss_single_expert/student_resolved_config.yaml,0.12283376319568351,1.0,5.168025220168088,0.9633432104673179,,,11.0,0.9481503682393958,0.9707629706251399,5.168025220168088,0.9633432104673179,10.859375,0.9609062355011702,1.0,1.0,,,,True,kl_lss_single_expert,original,kl_lss_single_expert,greedy,1.0,1.0,1.0,0.0,11.557877561781142,0.8252970291508569,0.9902791142463684,11.394233597649468,-0.015227108997189336,0.0,outputs/experiments/lss_claim_broadening/single_expert_controls/seed_7/kl_lss_single_expert,7,original,1.0,single_expert
1.0,outputs/experiments/lss_claim_broadening/single_expert_controls/seed_7/kl_lss_single_expert/latest.pt,outputs/experiments/lss_claim_broadening/single_expert_controls/seed_7/kl_lss_single_expert/student_resolved_config.yaml,0.11965987789717691,0.9826168477478994,5.2433055127923955,0.9657681867863646,,,11.0,0.9518659832182127,0.9772871554571191,5.2433055127923955,0.9657681867863646,16.0625,0.9421749925240874,1.0,1.0,,,,False,kl_lss_single_expert,original,kl_lss_single_expert,sampled_t1.0,1.0,1.0,1.0,0.0,11.543546866064203,0.8718613480051903,0.9898778706380765,11.395672125359104,-0.01438672609040386,0.0,outputs/experiments/lss_claim_broadening/single_expert_controls/seed_7/kl_lss_single_expert,7,original,1.0,single_expert
1.0,outputs/experiments/lss_claim_hardening/matched_controls/seed_7/kl_lss_token_dense/latest.pt,outputs/experiments/lss_claim_hardening/matched_controls/seed_7/kl_lss_token_dense/student_resolved_config.yaml,0.040927402710424186,1.0,6.354340723279659,0.9932275598486802,,,11.0,0.9933220790034708,0.9931813993312244,6.354340723279659,0.9932275598486802,10.859375,0.9609062355011702,1.0,,,,,True,kl_lss_token_dense,original,kl_lss_token_dense,greedy,,,,,11.32583515379164,9.231071609920926,0.5174090958303875,11.340316751268174,0.676231590906779,0.0,outputs/experiments/lss_claim_hardening/matched_controls/seed_7/kl_lss_token_dense,7,original,1.0,token_dense
1.0,outputs/experiments/lss_claim_hardening/matched_controls/seed_7/kl_lss_token_dense/latest.pt,outputs/experiments/lss_claim_hardening/matched_controls/seed_7/kl_lss_token_dense/student_resolved_config.yaml,0.04103088257110968,0.9976562499999999,6.350644323226605,0.99320886296391,,,11.0,0.99334738148408,0.9931363056438213,6.350644323226605,0.99320886296391,10.90625,0.9607374854385853,1.0,,,,,False,kl_lss_token_dense,original,kl_lss_token_dense,sampled_t1.0,,,,,11.325776194478129,9.221898204677707,0.5185137800462953,11.340134935064631,0.6749042580415915,0.0,outputs/experiments/lss_claim_hardening/matched_controls/seed_7/kl_lss_token_dense,7,original,1.0,token_dense
1.0,outputs/reproductions/lss_robustness_baseline/seed_7/token_dense_ent1e3/latest.pt,outputs/reproductions/lss_robustness_baseline/seed_7/token_dense_ent1e3/resolved_config.yaml,0.7672709472353345,1.0,1.731284282165138,0.729103174905567,0.48156721145228343,0.5218924092242593,11.0,0.6288847784523273,0.8175311717760729,2.258942600910565,0.816592164859897,81.640625,0.6764062400907278,0.703125,,,,,True,recovered_token_dense,original,baseline,greedy,,,,,11.347744785611281,9.012945349564028,0.5444768324989797,11.332677278982098,0.6472711531097627,0.0,outputs/reproductions/lss_robustness_baseline/seed_7/token_dense_ent1e3,7,original,1.0,token_dense
1.0,outputs/reproductions/lss_robustness_baseline/seed_7/token_dense_ent1e3/latest.pt,outputs/reproductions/lss_robustness_baseline/seed_7/token_dense_ent1e3/resolved_config.yaml,0.6841163250136848,0.7936908177343676,1.9819898590190692,0.7740526667760836,,,14.0,0.7497200005411767,0.7969106259664509,1.9819898590190692,0.7740526667760836,15.671875,0.9435812346637249,1.0,,,,,False,recovered_token_dense,original,baseline,sampled_t1.0,,,,,11.345847624585144,9.6079990774169,0.46944583313805716,11.33501028476801,0.732369984002938,0.0,outputs/reproductions/lss_robustness_baseline/seed_7/token_dense_ent1e3,7,original,1.0,token_dense
0.5,outputs/reproductions/lss_robustness_baseline/seed_11/sare_ent1e3/latest.pt,outputs/reproductions/lss_robustness_baseline/seed_11/sare_ent1e3/resolved_config.yaml,1.4438573969975113,1.0,0.3966457797586918,0.38129250715859236,0.3966457797586918,0.38129250715859236,250.0,,0.38129250715859236,,,250.0,0.0,0.0,0.23817616169154643,0.24950483644753693,0.24542999598383902,0.26688897985219956,True,baseline_sare,original,baseline,greedy,0.9999999477565289,0.9999999477565289,0.9999999477565289,0.9346507635116578,11.376037075042724,7.825732196569443,0.6592565921247006,11.327754793643951,0.48950075076520444,1.3832198657989503,outputs/reproductions/lss_robustness_baseline/seed_11/sare_ent1e3,11,original,1.0,sare
0.5,outputs/reproductions/lss_robustness_baseline/seed_11/sare_ent1e3/latest.pt,outputs/reproductions/lss_robustness_baseline/seed_11/sare_ent1e3/resolved_config.yaml,1.361898831638862,0.43587663196320986,0.6351488340379511,0.4384031146185778,0.7233162578174045,0.4607714047687394,140.0,0.45514626208987463,0.42165996714728093,0.6104619553797042,0.43213999337653247,148.265625,0.44436875148676336,0.78125,0.2379903525791385,0.24905523604580335,0.24503753115362548,0.2679168607362292,False,baseline_sare,original,baseline,sampled_t1.0,0.9999999695687325,0.9999999695687325,0.9999999695687325,0.9292286751041938,11.39178077276651,7.685186987960494,0.6646630410830696,11.330651201211014,0.47627930195590895,1.382931563858088,outputs/reproductions/lss_robustness_baseline/seed_11/sare_ent1e3,11,original,1.0,sare
0.5,outputs/reproductions/lss_claim_hardening_baseline/seed_11/kl_lss_sare/latest.pt,outputs/reproductions/lss_claim_hardening_baseline/seed_11/kl_lss_sare/student_resolved_config.yaml,0.12998497207436177,1.0,5.234742876400787,0.9714755540339217,5.035926529714039,0.9853722842335702,10.0,0.9853722842335702,0.9606669861008618,5.389377812712701,0.9606669861008618,114.234375,0.5450062435120344,0.5625,0.25503668689600845,0.25072543941878167,0.2424473438090992,0.25179050066521874,True,kl_lss_sare,original,kl_lss_sare,greedy,0.9999999997691978,0.9999999997691978,0.9999999997691978,1.2793745818004256,11.381068651581549,0.606407397945068,0.960940894925929,11.318674654374394,-0.018290085407895364,1.3489743636169138,outputs/reproductions/lss_claim_hardening_baseline/seed_11/kl_lss_sare,11,original,1.0,sare
0.5,outputs/reproductions/lss_claim_hardening_baseline/seed_11/kl_lss_sare/latest.pt,outputs/reproductions/lss_claim_hardening_baseline/seed_11/kl_lss_sare/student_resolved_config.yaml,0.15626274629911796,0.9584116877081665,5.119071981904968,0.9627695941142893,5.027853273391723,0.9846091225147248,11.0,0.9699230299317024,0.956049699861568,5.126802380931514,0.9609187866227269,51.34375,0.8073499919846654,0.921875,0.25630736442244784,0.2503674109675446,0.24195364598108798,0.25137155098574504,False,kl_lss_sare,original,kl_lss_sare,sampled_t1.0,0.9999999992701472,0.9999999992701472,0.9999999992701472,1.279114621756028,11.389465814707231,0.6406133773375531,0.9612069462026869,11.319742701004962,-0.017639790617917872,1.3483848065746074,outputs/reproductions/lss_claim_hardening_baseline/seed_11/kl_lss_sare,11,original,1.0,sare
1.0,outputs/experiments/lss_claim_broadening/single_expert_controls/seed_11/kl_lss_single_expert/latest.pt,outputs/experiments/lss_claim_broadening/single_expert_controls/seed_11/kl_lss_single_expert/student_resolved_config.yaml,0.1854352100009495,1.0,3.9916314380170848,0.9537616582247381,,,9.0,0.9644125458454647,0.9449366370532788,3.9916314380170848,0.9537616582247381,9.71875,0.9650124870240688,1.0,1.0,,,,True,kl_lss_single_expert,original,kl_lss_single_expert,greedy,1.0,1.0,1.0,0.0,11.57034688972565,1.0750575166150749,0.9877256643341248,11.419077310217432,-0.010050321166145515,0.0,outputs/experiments/lss_claim_broadening/single_expert_controls/seed_11/kl_lss_single_expert,11,original,1.0,single_expert
1.0,outputs/experiments/lss_claim_broadening/single_expert_controls/seed_11/kl_lss_single_expert/latest.pt,outputs/experiments/lss_claim_broadening/single_expert_controls/seed_11/kl_lss_single_expert/student_resolved_config.yaml,0.1916772851442517,0.9681594880813631,3.9547937987654502,0.9515006629958049,,,10.0,0.9551547292357864,0.9482764869017037,3.9547937987654502,0.9515006629958049,10.375,0.9626499861478806,1.0,1.0,,,,False,kl_lss_single_expert,original,kl_lss_single_expert,sampled_t1.0,1.0,1.0,1.0,0.0,11.57923473176502,1.2226861334982373,0.9854539513587952,11.41954174041748,-0.006913373227386425,0.0,outputs/experiments/lss_claim_broadening/single_expert_controls/seed_11/kl_lss_single_expert,11,original,1.0,single_expert
1.0,outputs/experiments/lss_claim_hardening/matched_controls/seed_11/kl_lss_token_dense/latest.pt,outputs/experiments/lss_claim_hardening/matched_controls/seed_11/kl_lss_token_dense/student_resolved_config.yaml,0.2831430150853412,1.0,3.932079524472356,0.9066246924772858,3.932079524472356,0.9066246924772858,250.0,,0.9066246924772858,,,250.0,0.0,0.0,,,,,True,kl_lss_token_dense,original,kl_lss_token_dense,greedy,,,,,11.329412150382996,8.012415865182877,0.6682990644872189,11.376200144290925,0.49957333561778067,0.0,outputs/experiments/lss_claim_hardening/matched_controls/seed_11/kl_lss_token_dense,11,original,1.0,token_dense
1.0,outputs/experiments/lss_claim_hardening/matched_controls/seed_11/kl_lss_token_dense/latest.pt,outputs/experiments/lss_claim_hardening/matched_controls/seed_11/kl_lss_token_dense/student_resolved_config.yaml,0.33921453908143584,0.8812438467067765,3.6597916376043242,0.8861800288593327,3.633812177293951,0.8873492984316566,250.0,,0.8861800288593327,3.8185550061677156,0.8790344925840198,225.828125,0.10108124907128513,0.140625,,,,,False,kl_lss_token_dense,original,kl_lss_token_dense,sampled_t1.0,,,,,11.329635237030207,8.007802789654754,0.6727189694565316,11.374910850403609,0.4988638290698148,0.0,outputs/experiments/lss_claim_hardening/matched_controls/seed_11/kl_lss_token_dense,11,original,1.0,token_dense
1.0,outputs/reproductions/lss_robustness_baseline/seed_11/token_dense_ent1e3/latest.pt,outputs/reproductions/lss_robustness_baseline/seed_11/token_dense_ent1e3/resolved_config.yaml,1.380586426705122,1.0,1.174165453761816,0.5371245229616761,1.174165453761816,0.5371245229616761,250.0,,0.5371245229616761,,,250.0,0.0,0.0,,,,,True,recovered_token_dense,original,baseline,greedy,,,,,11.420342087745667,11.23878276348114,0.16383912973105907,11.419490694999695,0.96929731965065,0.0,outputs/reproductions/lss_robustness_baseline/seed_11/token_dense_ent1e3,11,original,1.0,token_dense
1.0,outputs/reproductions/lss_robustness_baseline/seed_11/token_dense_ent1e3/latest.pt,outputs/reproductions/lss_robustness_baseline/seed_11/token_dense_ent1e3/resolved_config.yaml,1.3773750026896596,0.5413125000000001,1.1838870079517365,0.5387836470939219,1.1838870079517365,0.5387836470939219,250.0,,0.5387836470939219,,,250.0,0.0,0.0,,,,,False,recovered_token_dense,original,baseline,sampled_t1.0,,,,,11.4203653717041,11.238440009593964,0.16375001084804536,11.41946174144745,0.9692725294828415,0.0,outputs/reproductions/lss_robustness_baseline/seed_11/token_dense_ent1e3,11,original,1.0,token_dense
0.5,outputs/reproductions/lss_robustness_baseline/seed_19/sare_ent1e3/latest.pt,outputs/reproductions/lss_robustness_baseline/seed_19/sare_ent1e3/resolved_config.yaml,1.311645749140531,1.0,0.3079896270185709,0.41659730307385323,0.3079896270185709,0.41659730307385323,250.0,,0.41659730307385323,,,250.0,0.0,0.0,0.24809060654789208,0.2655565206259489,0.24004264947772025,0.2463102121502161,True,baseline_sare,original,baseline,greedy,0.9999999851584435,0.9999999851584435,0.9999999851584435,1.1199446570873262,11.597866530418395,6.7794971120357514,0.7388247151076793,11.264955533981324,0.3771155555695295,1.3822550891041756,outputs/reproductions/lss_robustness_baseline/seed_19/sare_ent1e3,19,original,1.0,sare
0.5,outputs/reproductions/lss_robustness_baseline/seed_19/sare_ent1e3/latest.pt,outputs/reproductions/lss_robustness_baseline/seed_19/sare_ent1e3/resolved_config.yaml,1.1957273793431538,0.4840405693413036,0.6431876534433443,0.49254372584191963,1.147090322971344,0.5954791824817658,75.5,0.48165596338874933,0.5034314882950899,0.6269327286198604,0.4892232272406343,90.921875,0.6695562535896897,0.96875,0.24751198385378823,0.26731232025815016,0.23949326926739373,0.24568240924845988,False,baseline_sare,original,baseline,sampled_t1.0,0.9999999844249169,0.9999999844249169,0.9999999844249169,1.1128634274305411,11.57434971128876,6.593659710644477,0.747665346492475,11.274701367670568,0.3573623868313866,1.381781622542808,outputs/reproductions/lss_robustness_baseline/seed_19/sare_ent1e3,19,original,1.0,sare
0.5,outputs/reproductions/lss_claim_hardening_baseline/seed_19/kl_lss_sare/latest.pt,outputs/reproductions/lss_claim_hardening_baseline/seed_19/kl_lss_sare/student_resolved_config.yaml,0.08048469400316308,1.0,5.829954916853872,0.978950485306792,6.284563139668218,0.9967721038924323,10.0,0.9967721038924323,0.9659455203929462,5.498213781286647,0.9659455203929462,110.609375,0.5596187431365252,0.578125,0.24630571813290864,0.26424895013667127,0.2485006279380087,0.2409446741932207,True,kl_lss_sare,original,kl_lss_sare,greedy,0.999999993731936,0.999999993731936,0.999999993731936,0.9446581917240882,11.539728136814789,0.5367251384745786,0.9814312207315774,11.32730766582396,-0.017925533715421525,1.3837117691467196,outputs/reproductions/lss_claim_hardening_baseline/seed_19/kl_lss_sare,19,original,1.0,sare
0.5,outputs/reproductions/lss_claim_hardening_baseline/seed_19/kl_lss_sare/latest.pt,outputs/reproductions/lss_claim_hardening_baseline/seed_19/kl_lss_sare/student_resolved_config.yaml,0.08343399146952529,0.9732787169963565,5.7855592732221925,0.9782142910664663,6.285371324580649,0.9967437790891398,10.5,0.9903561031079893,0.9660724790249433,5.5051769029479365,0.9678197002244787,103.90625,0.5899999924004078,0.640625,0.24629500313945438,0.2642573609647923,0.24848858680287703,0.2409590163830103,False,kl_lss_sare,original,kl_lss_sare,sampled_t1.0,0.9999999872320909,0.9999999872320909,0.9999999872320909,0.9450024971274278,11.539121052366804,0.5422532532526099,0.9814020221458386,11.327497862555948,-0.017843888878964542,1.3837080259717536,outputs/reproductions/lss_claim_hardening_baseline/seed_19/kl_lss_sare,19,original,1.0,sare
1.0,outputs/experiments/lss_claim_broadening/single_expert_controls/seed_19/kl_lss_single_expert/latest.pt,outputs/experiments/lss_claim_broadening/single_expert_controls/seed_19/kl_lss_single_expert/student_resolved_config.yaml,0.7984148783432029,1.0,0.8618834759220481,0.6513336893804371,0.8618834759220481,0.6513336893804371,250.0,,0.6513336893804371,,,250.0,0.0,0.0,1.0,,,,True,kl_lss_single_expert,original,kl_lss_single_expert,greedy,1.0,1.0,1.0,0.0,11.302600354194642,0.5047537757903338,0.9897089728116989,11.394158915519714,-0.01865111439488828,0.0,outputs/experiments/lss_claim_broadening/single_expert_controls/seed_19/kl_lss_single_expert,19,original,1.0,single_expert
1.0,outputs/experiments/lss_claim_broadening/single_expert_controls/seed_19/kl_lss_single_expert/latest.pt,outputs/experiments/lss_claim_broadening/single_expert_controls/seed_19/kl_lss_single_expert/student_resolved_config.yaml,0.575786443992675,0.7767693643504552,2.3664961941055536,0.7804732182854269,2.4062144803206125,0.8292810712258021,41.0,0.774532577712188,0.7860538200360451,2.3623874058764094,0.7754241300502158,83.265625,0.690868750680238,0.90625,1.0,,,,False,kl_lss_single_expert,original,kl_lss_single_expert,sampled_t1.0,1.0,1.0,1.0,0.0,11.38363040622261,0.9319221978057683,0.9828958041318505,11.396772331455493,-0.007348556367465417,0.0,outputs/experiments/lss_claim_broadening/single_expert_controls/seed_19/kl_lss_single_expert,19,original,1.0,single_expert
1.0,outputs/experiments/lss_claim_hardening/matched_controls/seed_19/kl_lss_token_dense/latest.pt,outputs/experiments/lss_claim_hardening/matched_controls/seed_19/kl_lss_token_dense/student_resolved_config.yaml,0.05109795693973593,1.0,6.634979690216029,0.9899940717432432,,,10.0,0.9890598917853648,0.9903596204224129,6.634979690216029,0.9899940717432432,10.0,0.9639999866485596,1.0,,,,,True,kl_lss_token_dense,original,kl_lss_token_dense,greedy,,,,,11.33771628918855,10.538576177928759,0.33178094256183377,11.344211609467216,0.8761883002260457,0.0,outputs/experiments/lss_claim_hardening/matched_controls/seed_19/kl_lss_token_dense,19,original,1.0,token_dense
1.0,outputs/experiments/lss_claim_hardening/matched_controls/seed_19/kl_lss_token_dense/latest.pt,outputs/experiments/lss_claim_hardening/matched_controls/seed_19/kl_lss_token_dense/student_resolved_config.yaml,0.05451783179063721,0.9871154019591519,6.609586724226341,0.9886827311321991,,,10.0,0.9841153046093507,0.9910751926441673,6.609586724226341,0.9886827311321991,10.21875,0.9632124863564968,1.0,,,,,False,kl_lss_token_dense,original,kl_lss_token_dense,sampled_t1.0,,,,,11.337272792392307,10.499580192565919,0.34017471505535973,11.34349266688029,0.8703519735071394,0.0,outputs/experiments/lss_claim_hardening/matched_controls/seed_19/kl_lss_token_dense,19,original,1.0,token_dense
1.0,outputs/reproductions/lss_robustness_baseline/seed_19/token_dense_ent1e3/latest.pt,outputs/reproductions/lss_robustness_baseline/seed_19/token_dense_ent1e3/resolved_config.yaml,0.12172368075640592,1.0,5.372959763652683,0.9755182455057851,,,10.0,0.9807745829301107,0.9732989030377364,5.372959763652683,0.9755182455057851,10.015625,0.963943736627698,1.0,,,,,True,recovered_token_dense,original,baseline,greedy,,,,,11.341902945722852,10.670903657163892,0.3062323945175324,11.34858661038535,0.8948237720344748,0.0,outputs/reproductions/lss_robustness_baseline/seed_19/token_dense_ent1e3,19,original,1.0,token_dense
1.0,outputs/reproductions/lss_robustness_baseline/seed_19/token_dense_ent1e3/latest.pt,outputs/reproductions/lss_robustness_baseline/seed_19/token_dense_ent1e3/resolved_config.yaml,0.12975831437605134,0.974453038791274,5.299477825457121,0.9732834421817554,,,10.0,0.9749236298587931,0.97223203982468,5.299477825457121,0.9732834421817554,10.515625,0.9621437359601259,1.0,,,,,False,recovered_token_dense,original,baseline,sampled_t1.0,,,,,11.342214042490179,10.623143943873318,0.314591827548363,11.347213062373074,0.8884815404360945,0.0,outputs/reproductions/lss_robustness_baseline/seed_19/token_dense_ent1e3,19,original,1.0,token_dense
